event_date_utc,currency_code,transaction_count,amount_native_total,amount_eur_total,converted_transaction_count,unconverted_transaction_count,fx_rate_used,fx_rate_date_used,fx_rate_age_days,fx_status,is_carried_forward
2026-03-27,CAD,5,367.81,,0,5,,,,rate_missing,false
2026-03-27,CHF,13,1018.19,,0,13,,,,rate_missing,false
2026-03-27,EUR,68,3223.70,3223.70,68,0,1.0,2026-03-27,0,base_currency,false
2026-03-27,GBP,15,333.03,,0,15,,,,rate_missing,false
2026-03-27,JPY,10,260.45,,0,10,,,,rate_missing,false
2026-03-27,MAD,4,258.89,,0,4,,,,rate_missing,false
2026-03-27,PLN,12,475.83,,0,12,,,,rate_missing,false
2026-03-27,SEK,6,168.75,,0,6,,,,rate_missing,false
2026-03-27,USD,14,963.71,,0,14,,,,rate_missing,false
2026-03-28,CAD,20,565.58,,0,20,,,,rate_missing,false
2026-03-28,CHF,25,989.90,,0,25,,,,rate_missing,false
2026-03-28,EUR,117,4263.62,4263.62,117,0,1.0,2026-03-28,0,base_currency,false
2026-03-28,GBP,24,782.18,,0,24,,,,rate_missing,false
2026-03-28,JPY,17,628.08,,0,17,,,,rate_missing,false
2026-03-28,MAD,28,1310.83,,0,28,,,,rate_missing,false
2026-03-28,PLN,24,770.55,,0,24,,,,rate_missing,false
2026-03-28,SEK,9,277.51,,0,9,,,,rate_missing,false
2026-03-28,USD,26,1380.19,,0,26,,,,rate_missing,false
2026-03-29,CAD,23,1067.01,,0,23,,,,rate_missing,false
2026-03-29,CHF,33,1221.23,,0,33,,,,rate_missing,false
2026-03-29,EUR,159,7137.37,7137.37,159,0,1.0,2026-03-29,0,base_currency,false
2026-03-29,GBP,55,3093.95,,0,55,,,,rate_missing,false
2026-03-29,JPY,18,651.33,,0,18,,,,rate_missing,false
2026-03-29,MAD,21,1223.65,,0,21,,,,rate_missing,false
2026-03-29,PLN,21,938.81,,0,21,,,,rate_missing,false
2026-03-29,SEK,26,944.64,,0,26,,,,rate_missing,false
2026-03-29,USD,44,1494.29,,0,44,,,,rate_missing,false
2026-03-30,CAD,37,2257.18,,0,37,,,,rate_missing,false
2026-03-30,CHF,33,1901.14,,0,33,,,,rate_missing,false
2026-03-30,EUR,206,10243.04,10243.04,206,0,1.0,2026-03-30,0,base_currency,false
2026-03-30,GBP,40,1748.09,,0,40,,,,rate_missing,false
2026-03-30,JPY,25,873.14,,0,25,,,,rate_missing,false
2026-03-30,MAD,41,2058.01,,0,41,,,,rate_missing,false
2026-03-30,PLN,23,943.46,,0,23,,,,rate_missing,false
2026-03-30,SEK,27,1883.78,,0,27,,,,rate_missing,false
2026-03-30,USD,58,2392.87,,0,58,,,,rate_missing,false
2026-03-31,CAD,35,1549.43,,0,35,,,,rate_missing,false
2026-03-31,CHF,58,2476.72,,0,58,,,,rate_missing,false
2026-03-31,EUR,234,11331.74,11331.74,234,0,1.0,2026-03-31,0,base_currency,false
2026-03-31,GBP,57,2164.80,,0,57,,,,rate_missing,false
2026-03-31,JPY,37,1760.08,,0,37,,,,rate_missing,false
2026-03-31,MAD,44,1443.01,,0,44,,,,rate_missing,false
2026-03-31,PLN,34,1643.93,,0,34,,,,rate_missing,false
2026-03-31,SEK,35,1243.85,,0,35,,,,rate_missing,false
2026-03-31,USD,56,2120.12,,0,56,,,,rate_missing,false
2026-04-01,CAD,2231,103606.55,,0,2231,,,,unavailable,false
2026-04-01,CHF,2971,133609.73,,0,2971,,,,unavailable,false
2026-04-01,EUR,14546,672023.67,672023.67,14546,0,1.0,2026-04-01,0,base_currency,false
2026-04-01,GBP,3695,171238.92,,0,3695,,,,unavailable,false
2026-04-01,JPY,2191,94653.37,,0,2191,,,,unavailable,false
2026-04-01,MAD,2859,130040.49,,0,2859,,,,unavailable,false
2026-04-01,PLN,2134,98262.80,,0,2134,,,,unavailable,false
2026-04-01,SEK,2212,98979.02,,0,2212,,,,unavailable,false
2026-04-01,USD,3689,176995.13,,0,3689,,,,unavailable,false
2026-04-02,CAD,1938,92561.96,,0,1938,,,,unavailable,false
2026-04-02,CHF,2588,113431.75,,0,2588,,,,unavailable,false
2026-04-02,EUR,12612,559208.93,559208.93,12612,0,1.0,2026-04-02,0,base_currency,false
2026-04-02,GBP,3153,143683.79,,0,3153,,,,unavailable,false
2026-04-02,JPY,1868,80151.40,,0,1868,,,,unavailable,false
2026-04-02,MAD,2482,116590.25,,0,2482,,,,unavailable,false
2026-04-02,PLN,1889,86013.50,,0,1889,,,,unavailable,false
2026-04-02,SEK,1909,84854.61,,0,1909,,,,unavailable,false
2026-04-02,USD,3006,136555.22,,0,3006,,,,unavailable,false
2026-04-03,CAD,2011,90302.87,,0,2011,,,,unavailable,false
2026-04-03,CHF,2625,118401.67,,0,2625,,,,unavailable,false
2026-04-03,EUR,13543,608881.42,608881.42,13543,0,1.0,2026-04-03,0,base_currency,false
2026-04-03,GBP,3264,146691.93,,0,3264,,,,unavailable,false
2026-04-03,JPY,1987,92519.27,,0,1987,,,,unavailable,false
2026-04-03,MAD,2682,123826.42,,0,2682,,,,unavailable,false
2026-04-03,PLN,2047,87140.21,,0,2047,,,,unavailable,false
2026-04-03,SEK,2000,94779.12,,0,2000,,,,unavailable,false
2026-04-03,USD,3234,144389.62,,0,3234,,,,unavailable,false
2026-04-04,CAD,1205,55983.71,,0,1205,,,,unavailable,false
2026-04-04,CHF,1647,78232.12,,0,1647,,,,unavailable,false
2026-04-04,EUR,8228,360004.08,360004.08,8228,0,1.0,2026-04-04,0,base_currency,false
2026-04-04,GBP,2066,96932.27,,0,2066,,,,unavailable,false
2026-04-04,JPY,1227,55658.85,,0,1227,,,,unavailable,false
2026-04-04,MAD,1701,72429.67,,0,1701,,,,unavailable,false
2026-04-04,PLN,1243,53993.29,,0,1243,,,,unavailable,false
2026-04-04,SEK,1277,56347.24,,0,1277,,,,unavailable,false
2026-04-04,USD,2041,92617.56,,0,2041,,,,unavailable,false
2026-04-05,CAD,882,38615.66,24089.64,882,0,1.603,2026-04-02,3,carried_forward,true
2026-04-05,CHF,1254,56637.05,61475.08,1254,0,0.9213,2026-04-02,3,carried_forward,true
2026-04-05,EUR,5927,270803.13,270803.13,5927,0,1.0,2026-04-05,0,base_currency,false
2026-04-05,GBP,1501,66293.71,75978.70,1501,0,0.87253,2026-04-02,3,carried_forward,true
2026-04-05,JPY,937,44162.83,240.14,937,0,183.94,2026-04-02,3,carried_forward,true
2026-04-05,MAD,1184,54604.92,,0,1184,,,,unavailable,false
2026-04-05,PLN,913,44446.32,10371.36,913,0,4.2855,2026-04-02,3,carried_forward,true
2026-04-05,SEK,918,46043.92,4205.65,918,0,10.948,2026-04-02,3,carried_forward,true
2026-04-05,USD,1506,65769.29,57066.73,1506,0,1.1525,2026-04-02,3,carried_forward,true
2026-04-06,CAD,2003,93938.99,58602.12,2003,0,1.603,2026-04-02,4,carried_forward,true
2026-04-06,CHF,2610,113918.63,123649.87,2610,0,0.9213,2026-04-02,4,carried_forward,true
2026-04-06,EUR,13104,584494.59,584494.59,13104,0,1.0,2026-04-06,0,base_currency,false
2026-04-06,GBP,3293,147546.31,169101.50,3293,0,0.87253,2026-04-02,4,carried_forward,true
2026-04-06,JPY,1974,96598.92,525.26,1974,0,183.94,2026-04-02,4,carried_forward,true
2026-04-06,MAD,2607,122296.50,,0,2607,,,,unavailable,false
2026-04-06,PLN,1908,95640.82,22317.37,1908,0,4.2855,2026-04-02,4,carried_forward,true
2026-04-06,SEK,1904,85886.79,7844.94,1904,0,10.948,2026-04-02,4,carried_forward,true
2026-04-06,USD,3399,149891.09,130057.21,3399,0,1.1525,2026-04-02,4,carried_forward,true
2026-04-07,CAD,2103,98522.45,61277.72,2103,0,1.6078,2026-04-07,0,ok,false
2026-04-07,CHF,2775,126016.21,136351.88,2775,0,0.9242,2026-04-07,0,ok,false
2026-04-07,EUR,14341,638928.34,638928.34,14341,0,1.0,2026-04-07,0,base_currency,false
2026-04-07,GBP,3569,162571.15,186311.08,3569,0,0.87258,2026-04-07,0,ok,false
2026-04-07,JPY,2100,95673.36,517.75,2100,0,184.73,2026-04-07,0,ok,false
2026-04-07,MAD,2909,127607.07,,0,2909,,,,unavailable,false
2026-04-07,PLN,2227,98159.01,22959.35,2227,0,4.2753,2026-04-07,0,ok,false
2026-04-07,SEK,2173,96527.80,8783.21,2173,0,10.99,2026-04-07,0,ok,false
2026-04-07,USD,3557,167614.67,145032.97,3557,0,1.1557,2026-04-07,0,ok,false
2026-04-08,CAD,2275,98098.10,60461.27,2275,0,1.6225,2026-04-08,0,ok,false
2026-04-08,CHF,2876,131841.35,142948.71,2876,0,0.9223,2026-04-08,0,ok,false
2026-04-08,EUR,14566,643986.85,643986.85,14566,0,1.0,2026-04-08,0,base_currency,false
2026-04-08,GBP,3579,160941.14,185217.65,3579,0,0.86893,2026-04-08,0,ok,false
2026-04-08,JPY,2162,93850.01,507.39,2162,0,185.13,2026-04-08,0,ok,false
2026-04-08,MAD,2853,125545.26,,0,2853,,,,unavailable,false
2026-04-08,PLN,2195,99472.62,23384.41,2195,0,4.2538,2026-04-08,0,ok,false
2026-04-08,SEK,2300,105789.06,9809.86,2300,0,10.784,2026-04-08,0,ok,false
2026-04-08,USD,3690,168054.06,143562.16,3690,0,1.1706,2026-04-08,0,ok,false
2026-04-09,CAD,2302,99152.63,61299.94,2302,0,1.6175,2026-04-09,0,ok,false
2026-04-09,CHF,2913,127192.41,137654.00,2913,0,0.924,2026-04-09,0,ok,false
2026-04-09,EUR,14683,651222.56,651222.56,14683,0,1.0,2026-04-09,0,base_currency,false
2026-04-09,GBP,3645,165402.21,190001.59,3645,0,0.87053,2026-04-09,0,ok,false
2026-04-09,JPY,2249,100542.39,541.53,2249,0,185.7,2026-04-09,0,ok,false
2026-04-09,MAD,2905,132739.28,,0,2905,,,,unavailable,false
2026-04-09,PLN,2273,105729.51,24843.56,2273,0,4.2558,2026-04-09,0,ok,false
2026-04-09,SEK,2122,97369.04,8952.09,2122,0,10.8765,2026-04-09,0,ok,false
2026-04-09,USD,3602,161424.73,138147.15,3602,0,1.1685,2026-04-09,0,ok,false
2026-04-10,CAD,2258,101484.66,62695.37,2258,0,1.6187,2026-04-10,0,ok,false
2026-04-10,CHF,3097,134744.52,145811.50,3097,0,0.9241,2026-04-10,0,ok,false
2026-04-10,EUR,15285,679291.55,679291.55,15285,0,1.0,2026-04-10,0,base_currency,false
2026-04-10,GBP,3817,174381.98,200197.56,3817,0,0.87105,2026-04-10,0,ok,false
2026-04-10,JPY,2330,107092.17,574.61,2330,0,186.43,2026-04-10,0,ok,false
2026-04-10,MAD,2974,135721.30,,0,2974,,,,unavailable,false
2026-04-10,PLN,2322,101062.16,23815.68,2322,0,4.2435,2026-04-10,0,ok,false
2026-04-10,SEK,2245,99269.06,9161.08,2245,0,10.836,2026-04-10,0,ok,false
2026-04-10,USD,3801,176161.53,150424.04,3801,0,1.1711,2026-04-10,0,ok,false
2026-04-11,CAD,1260,54905.36,33919.39,1260,0,1.6187,2026-04-10,1,carried_forward,true
2026-04-11,CHF,1764,78934.39,85417.76,1764,0,0.9241,2026-04-10,1,carried_forward,true
2026-04-11,EUR,8722,391338.32,391338.32,8722,0,1.0,2026-04-11,0,base_currency,false
2026-04-11,GBP,2178,97573.03,112017.35,2178,0,0.87105,2026-04-10,1,carried_forward,true
2026-04-11,JPY,1299,53898.86,289.09,1299,0,186.43,2026-04-10,1,carried_forward,true
2026-04-11,MAD,1784,77804.20,,0,1784,,,,unavailable,false
2026-04-11,PLN,1249,53201.40,12537.20,1249,0,4.2435,2026-04-10,1,carried_forward,true
2026-04-11,SEK,1279,58358.39,5385.54,1279,0,10.836,2026-04-10,1,carried_forward,true
2026-04-11,USD,2199,96898.20,82741.25,2199,0,1.1711,2026-04-10,1,carried_forward,true
2026-04-12,CAD,845,39024.48,24108.55,845,0,1.6187,2026-04-10,2,carried_forward,true
2026-04-12,CHF,1115,49644.57,53722.12,1115,0,0.9241,2026-04-10,2,carried_forward,true
2026-04-12,EUR,5603,254351.30,254351.30,5603,0,1.0,2026-04-12,0,base_currency,false
2026-04-12,GBP,1367,57896.23,66467.24,1367,0,0.87105,2026-04-10,2,carried_forward,true
2026-04-12,JPY,846,38863.27,208.46,846,0,186.43,2026-04-10,2,carried_forward,true
2026-04-12,MAD,1095,52405.18,,0,1095,,,,unavailable,false
2026-04-12,PLN,843,39039.40,9199.79,843,0,4.2435,2026-04-10,2,carried_forward,true
2026-04-12,SEK,825,35826.68,3306.35,825,0,10.836,2026-04-10,2,carried_forward,true
2026-04-12,USD,1440,65318.23,55775.23,1440,0,1.1711,2026-04-10,2,carried_forward,true
2026-04-13,CAD,2275,93168.21,57593.17,2275,0,1.6177,2026-04-13,0,ok,false
2026-04-13,CHF,2954,123106.35,133203.19,2954,0,0.9242,2026-04-13,0,ok,false
2026-04-13,EUR,14418,644829.58,644829.58,14418,0,1.0,2026-04-13,0,base_currency,false
2026-04-13,GBP,3666,156801.30,180111.41,3666,0,0.87058,2026-04-13,0,ok,false
2026-04-13,JPY,2203,98393.90,526.83,2203,0,186.75,2026-04-13,0,ok,false
2026-04-13,MAD,2907,124858.94,,0,2907,,,,unavailable,false
2026-04-13,PLN,2186,99356.59,23354.44,2186,0,4.2543,2026-04-13,0,ok,false
2026-04-13,SEK,2291,101073.46,9279.74,2291,0,10.892,2026-04-13,0,ok,false
2026-04-13,USD,3596,166838.00,142791.65,3596,0,1.1684,2026-04-13,0,ok,false
2026-04-14,CAD,2317,106427.69,65594.96,2317,0,1.6225,2026-04-14,0,ok,false
2026-04-14,CHF,3009,137359.14,149141.28,3009,0,0.921,2026-04-14,0,ok,false
2026-04-14,EUR,15472,690530.01,690530.01,15472,0,1.0,2026-04-14,0,base_currency,false
2026-04-14,GBP,3812,174651.80,200950.07,3812,0,0.86913,2026-04-14,0,ok,false
2026-04-14,JPY,2309,105758.15,564.50,2309,0,187.33,2026-04-14,0,ok,false
2026-04-14,MAD,2997,131283.99,,0,2997,,,,unavailable,false
2026-04-14,PLN,2238,97622.48,23010.52,2238,0,4.2425,2026-04-14,0,ok,false
2026-04-14,SEK,2284,108127.27,10013.83,2284,0,10.798,2026-04-14,0,ok,false
2026-04-14,USD,3754,170647.49,144702.43,3754,0,1.1793,2026-04-14,0,ok,false
2026-04-15,CAD,2247,99887.44,61525.91,2247,0,1.6235,2026-04-15,0,ok,false
2026-04-15,CHF,2993,135428.28,146885.18,2993,0,0.922,2026-04-15,0,ok,false
2026-04-15,EUR,14829,662255.78,662255.78,14829,0,1.0,2026-04-15,0,base_currency,false
2026-04-15,GBP,3688,175712.46,202119.34,3688,0,0.86935,2026-04-15,0,ok,false
2026-04-15,JPY,2261,102612.76,547.58,2261,0,187.41,2026-04-15,0,ok,false
2026-04-15,MAD,2948,133904.63,,0,2948,,,,unavailable,false
2026-04-15,PLN,2213,101008.06,23815.32,2213,0,4.2413,2026-04-15,0,ok,false
2026-04-15,SEK,2301,103466.05,9535.94,2301,0,10.85,2026-04-15,0,ok,false
2026-04-15,USD,3723,163232.72,138567.80,3723,0,1.178,2026-04-15,0,ok,false
2026-04-16,CAD,2317,104787.68,64787.64,2317,0,1.6174,2026-04-16,0,ok,false
2026-04-16,CHF,2991,137699.73,149187.20,2991,0,0.923,2026-04-16,0,ok,false
2026-04-16,EUR,14679,646503.59,646503.59,14679,0,1.0,2026-04-16,0,base_currency,false
2026-04-16,GBP,3721,173007.92,198875.78,3721,0,0.86993,2026-04-16,0,ok,false
2026-04-16,JPY,2232,95118.93,508.00,2232,0,187.31,2026-04-16,0,ok,false
2026-04-16,MAD,2910,131693.02,,0,2910,,,,unavailable,false
2026-04-16,PLN,2318,104885.04,24723.61,2318,0,4.2423,2026-04-16,0,ok,false
2026-04-16,SEK,2190,95901.57,8876.52,2190,0,10.804,2026-04-16,0,ok,false
2026-04-16,USD,3768,180283.46,153016.25,3768,0,1.1782,2026-04-16,0,ok,false
2026-04-17,CAD,2418,115522.26,71624.34,2418,0,1.6129,2026-04-17,0,ok,false
2026-04-17,CHF,3075,136239.80,147589.30,3075,0,0.9231,2026-04-17,0,ok,false
2026-04-17,EUR,15547,693925.07,693925.07,15547,0,1.0,2026-04-17,0,base_currency,false
2026-04-17,GBP,3856,166472.89,190979.44,3856,0,0.87168,2026-04-17,0,ok,false
2026-04-17,JPY,2377,102080.01,543.68,2377,0,187.72,2026-04-17,0,ok,false
2026-04-17,MAD,3194,137561.23,,0,3194,,,,unavailable,false
2026-04-17,PLN,2341,106831.83,25238.86,2341,0,4.2328,2026-04-17,0,ok,false
2026-04-17,SEK,2372,105554.80,9771.15,2372,0,10.803,2026-04-17,0,ok,false
2026-04-17,USD,3934,184034.42,156001.09,3934,0,1.1797,2026-04-17,0,ok,false
2026-04-18,CAD,1140,52253.27,32397.09,1140,0,1.6129,2026-04-17,1,carried_forward,true
2026-04-18,CHF,1355,58612.93,63495.59,1355,0,0.9231,2026-04-17,1,carried_forward,true
2026-04-18,EUR,7250,327864.73,327864.73,7250,0,1.0,2026-04-18,0,base_currency,false
2026-04-18,GBP,1777,76122.09,87327.81,1777,0,0.87168,2026-04-17,1,carried_forward,true
2026-04-18,JPY,1122,51002.18,271.70,1122,0,187.72,2026-04-17,1,carried_forward,true
2026-04-18,MAD,1414,62462.30,,0,1414,,,,unavailable,false
2026-04-18,PLN,1096,46385.35,10958.45,1096,0,4.2328,2026-04-17,1,carried_forward,true
2026-04-18,SEK,1080,48368.84,4477.43,1080,0,10.803,2026-04-17,1,carried_forward,true
2026-04-18,USD,1804,79857.98,67693.58,1804,0,1.1797,2026-04-17,1,carried_forward,true
2026-04-19,CAD,940,45411.96,28155.64,940,0,1.6129,2026-04-17,2,carried_forward,true
2026-04-19,CHF,1157,56598.72,61313.67,1157,0,0.9231,2026-04-17,2,carried_forward,true
2026-04-19,EUR,6156,279659.70,279659.70,6156,0,1.0,2026-04-19,0,base_currency,false
2026-04-19,GBP,1520,69885.24,80173.09,1520,0,0.87168,2026-04-17,2,carried_forward,true
2026-04-19,JPY,894,43529.06,232.01,894,0,187.72,2026-04-17,2,carried_forward,true
2026-04-19,MAD,1161,50637.15,,0,1161,,,,unavailable,false
2026-04-19,PLN,939,44148.84,10430.23,939,0,4.2328,2026-04-17,2,carried_forward,true
2026-04-19,SEK,891,42017.02,3889.28,891,0,10.803,2026-04-17,2,carried_forward,true
2026-04-19,USD,1524,65739.29,55725.41,1524,0,1.1797,2026-04-17,2,carried_forward,true
2026-04-20,CAD,2063,91938.87,57087.32,2063,0,1.6105,2026-04-20,0,ok,false
2026-04-20,CHF,2692,123880.34,134813.75,2692,0,0.9189,2026-04-20,0,ok,false
2026-04-20,EUR,13659,626505.81,626505.81,13659,0,1.0,2026-04-20,0,base_currency,false
2026-04-20,GBP,3430,164486.82,188967.63,3430,0,0.87045,2026-04-20,0,ok,false
2026-04-20,JPY,2029,85695.08,458.62,2029,0,186.88,2026-04-20,0,ok,false
2026-04-20,MAD,2746,126377.54,,0,2746,,,,unavailable,false
2026-04-20,PLN,1992,89877.26,21230.01,1992,0,4.2335,2026-04-20,0,ok,false
2026-04-20,SEK,2093,89398.37,8301.65,2093,0,10.7685,2026-04-20,0,ok,false
2026-04-20,USD,3442,159810.78,135893.35,3442,0,1.176,2026-04-20,0,ok,false
2026-04-21,CAD,2057,89446.87,55660.63,2057,0,1.607,2026-04-21,0,ok,false
2026-04-21,CHF,2779,124181.25,135391.73,2779,0,0.9172,2026-04-21,0,ok,false
2026-04-21,EUR,14096,635752.14,635752.14,14096,0,1.0,2026-04-21,0,base_currency,false
2026-04-21,GBP,3538,167874.48,192881.40,3538,0,0.87035,2026-04-21,0,ok,false
2026-04-21,JPY,2058,98343.23,525.48,2058,0,187.14,2026-04-21,0,ok,false
2026-04-21,MAD,2775,121814.05,,0,2775,,,,unavailable,false
2026-04-21,PLN,2143,96524.49,22821.72,2143,0,4.2295,2026-04-21,0,ok,false
2026-04-21,SEK,2093,92046.31,8562.98,2093,0,10.7495,2026-04-21,0,ok,false
2026-04-21,USD,3471,149776.36,127285.17,3471,0,1.1767,2026-04-21,0,ok,false
2026-04-22,CAD,2377,105026.88,65502.73,2377,0,1.6034,2026-04-22,0,ok,false
2026-04-22,CHF,3039,135251.49,147412.93,3039,0,0.9175,2026-04-22,0,ok,false
2026-04-22,EUR,15465,691284.13,691284.13,15465,0,1.0,2026-04-22,0,base_currency,false
2026-04-22,GBP,3825,174667.43,200991.08,3825,0,0.86903,2026-04-22,0,ok,false
2026-04-22,JPY,2155,98576.15,527.96,2155,0,186.81,2026-04-22,0,ok,false
2026-04-22,MAD,3056,137267.66,,0,3056,,,,unavailable,false
2026-04-22,PLN,2239,99383.58,23402.04,2239,0,4.2468,2026-04-22,0,ok,false
2026-04-22,SEK,2376,102029.86,9468.07,2376,0,10.776,2026-04-22,0,ok,false
2026-04-22,USD,3956,175015.88,149165.59,3956,0,1.1733,2026-04-22,0,ok,false
2026-04-23,CAD,2247,97874.64,61224.97,2247,0,1.5986,2026-04-23,0,ok,false
2026-04-23,CHF,3218,141743.60,154455.27,3218,0,0.9177,2026-04-23,0,ok,false
2026-04-23,EUR,15546,699522.85,699522.85,15546,0,1.0,2026-04-23,0,base_currency,false
2026-04-23,GBP,3989,177513.05,205039.52,3989,0,0.86575,2026-04-23,0,ok,false
2026-04-23,JPY,2366,111209.25,596.34,2366,0,186.5,2026-04-23,0,ok,false
2026-04-23,MAD,3169,143756.31,,0,3169,,,,unavailable,false
2026-04-23,PLN,2342,100997.13,23804.05,2342,0,4.2428,2026-04-23,0,ok,false
2026-04-23,SEK,2320,105604.78,9796.86,2320,0,10.7795,2026-04-23,0,ok,false
2026-04-23,USD,4027,174149.74,148922.30,4027,0,1.1694,2026-04-23,0,ok,false
2026-04-24,CAD,2021,90023.18,56183.54,2021,0,1.6023,2026-04-24,0,ok,false
2026-04-24,CHF,2677,119201.51,129580.97,2677,0,0.9199,2026-04-24,0,ok,false
2026-04-24,EUR,13242,597622.34,597622.34,13242,0,1.0,2026-04-24,0,base_currency,false
2026-04-24,GBP,3344,145839.03,168011.42,3344,0,0.86803,2026-04-24,0,ok,false
2026-04-24,JPY,1945,93496.22,500.72,1945,0,186.71,2026-04-24,0,ok,false
2026-04-24,MAD,2677,117689.59,,0,2677,,,,unavailable,false
2026-04-24,PLN,2032,90725.84,21396.05,2032,0,4.2403,2026-04-24,0,ok,false
2026-04-24,SEK,1927,92046.95,8507.13,1927,0,10.82,2026-04-24,0,ok,false
2026-04-24,USD,3313,151333.68,129212.56,3313,0,1.1712,2026-04-24,0,ok,false
2026-04-25,CAD,1176,50072.64,31250.43,1176,0,1.6023,2026-04-24,1,carried_forward,true
2026-04-25,CHF,1603,70202.68,76315.45,1603,0,0.9199,2026-04-24,1,carried_forward,true
2026-04-25,EUR,7751,345342.82,345342.82,7751,0,1.0,2026-04-25,0,base_currency,false
2026-04-25,GBP,1965,86865.91,100072.35,1965,0,0.86803,2026-04-24,1,carried_forward,true
2026-04-25,JPY,1130,49225.00,263.64,1130,0,186.71,2026-04-24,1,carried_forward,true
2026-04-25,MAD,1610,72793.67,,0,1610,,,,unavailable,false
2026-04-25,PLN,1175,52608.69,12406.98,1175,0,4.2403,2026-04-24,1,carried_forward,true
2026-04-25,SEK,1119,50468.31,4664.44,1119,0,10.82,2026-04-24,1,carried_forward,true
2026-04-25,USD,1943,78926.36,67389.48,1943,0,1.1712,2026-04-24,1,carried_forward,true
2026-04-26,CAD,818,33810.88,21101.48,818,0,1.6023,2026-04-24,2,carried_forward,true
2026-04-26,CHF,1111,50368.14,54753.89,1111,0,0.9199,2026-04-24,2,carried_forward,true
2026-04-26,EUR,5547,246016.54,246016.54,5547,0,1.0,2026-04-26,0,base_currency,false
2026-04-26,GBP,1397,64772.50,74620.10,1397,0,0.86803,2026-04-24,2,carried_forward,true
2026-04-26,JPY,860,37420.06,200.38,860,0,186.71,2026-04-24,2,carried_forward,true
2026-04-26,MAD,1056,43736.49,,0,1056,,,,unavailable,false
2026-04-26,PLN,809,35834.33,8450.84,809,0,4.2403,2026-04-24,2,carried_forward,true
2026-04-26,SEK,802,33197.69,3068.21,802,0,10.82,2026-04-24,2,carried_forward,true
2026-04-26,USD,1314,55259.05,47181.64,1314,0,1.1712,2026-04-24,2,carried_forward,true
2026-04-27,CAD,2239,103957.53,65058.85,2239,0,1.5979,2026-04-27,0,ok,false
2026-04-27,CHF,2958,136079.05,147751.35,2958,0,0.921,2026-04-27,0,ok,false
2026-04-27,EUR,14817,662510.59,662510.59,14817,0,1.0,2026-04-27,0,base_currency,false
2026-04-27,GBP,3693,168766.14,194924.87,3693,0,0.8658,2026-04-27,0,ok,false
2026-04-27,JPY,2142,95065.45,508.49,2142,0,187.06,2026-04-27,0,ok,false
2026-04-27,MAD,3023,131289.23,,0,3023,,,,unavailable,false
2026-04-27,PLN,2244,100833.14,23757.55,2244,0,4.2443,2026-04-27,0,ok,false
2026-04-27,SEK,2266,97848.21,9069.60,2266,0,10.7885,2026-04-27,0,ok,false
2026-04-27,USD,3695,165991.92,141281.64,3695,0,1.1749,2026-04-27,0,ok,false
2026-04-28,CAD,1968,91517.85,57291.67,1968,0,1.5974,2026-04-28,0,ok,false
2026-04-28,CHF,2551,113170.57,122505.70,2551,0,0.9238,2026-04-28,0,ok,false
2026-04-28,EUR,12801,578532.53,578532.53,12801,0,1.0,2026-04-28,0,base_currency,false
2026-04-28,GBP,3301,143130.13,165057.98,3301,0,0.86715,2026-04-28,0,ok,false
2026-04-28,JPY,1910,84340.16,452.28,1910,0,186.58,2026-04-28,0,ok,false
2026-04-28,MAD,2544,106927.27,,0,2544,,,,unavailable,false
2026-04-28,PLN,1928,83670.66,19697.47,1928,0,4.2478,2026-04-28,0,ok,false
2026-04-28,SEK,1949,85773.17,7906.56,1949,0,10.8485,2026-04-28,0,ok,false
2026-04-28,USD,3313,147407.35,126205.10,3313,0,1.168,2026-04-28,0,ok,false
2026-04-29,CAD,1907,83361.30,52078.15,1907,0,1.6007,2026-04-29,0,ok,false
2026-04-29,CHF,2519,112750.44,122077.01,2519,0,0.9236,2026-04-29,0,ok,false
2026-04-29,EUR,12581,563711.48,563711.48,12581,0,1.0,2026-04-29,0,base_currency,false
2026-04-29,GBP,3137,145061.28,167423.84,3137,0,0.86643,2026-04-29,0,ok,false
2026-04-29,JPY,1905,90807.31,485.53,1905,0,187.05,2026-04-29,0,ok,false
2026-04-29,MAD,2472,114802.34,,0,2472,,,,unavailable,false
2026-04-29,PLN,1868,84589.15,19894.75,1868,0,4.2518,2026-04-29,0,ok,false
2026-04-29,SEK,1889,84049.08,7753.44,1889,0,10.8405,2026-04-29,0,ok,false
2026-04-29,USD,3158,149714.34,127895.11,3158,0,1.1706,2026-04-29,0,ok,false
2026-04-30,CAD,2266,99018.58,61909.69,2266,0,1.5994,2026-04-30,0,ok,false
2026-04-30,CHF,2857,128946.61,140311.91,2857,0,0.919,2026-04-30,0,ok,false
2026-04-30,EUR,14902,662728.95,662728.95,14902,0,1.0,2026-04-30,0,base_currency,false
2026-04-30,GBP,3784,170603.79,196945.06,3784,0,0.86625,2026-04-30,0,ok,false
2026-04-30,JPY,2202,98965.33,540.11,2202,0,183.21,2026-04-30,0,ok,false
2026-04-30,MAD,2991,132696.34,,0,2991,,,,unavailable,false
2026-04-30,PLN,2208,99468.28,23346.45,2208,0,4.2605,2026-04-30,0,ok,false
2026-04-30,SEK,2280,97244.79,8958.01,2280,0,10.8555,2026-04-30,0,ok,false
2026-04-30,USD,3759,160850.83,137455.79,3759,0,1.1702,2026-04-30,0,ok,false
2026-05-01,CAD,2212,102333.40,63982.46,2212,0,1.5994,2026-04-30,1,carried_forward,true
2026-05-01,CHF,2994,132437.62,144110.44,2994,0,0.919,2026-04-30,1,carried_forward,true
2026-05-01,EUR,15208,684163.57,684163.57,15208,0,1.0,2026-05-01,0,base_currency,false
2026-05-01,GBP,3748,174752.46,201734.23,3748,0,0.86625,2026-04-30,1,carried_forward,true
2026-05-01,JPY,2308,103662.04,565.69,2308,0,183.21,2026-04-30,1,carried_forward,true
2026-05-01,MAD,3018,142432.55,,0,3018,,,,unavailable,false
2026-05-01,PLN,2269,100268.43,23534.40,2269,0,4.2605,2026-04-30,1,carried_forward,true
2026-05-01,SEK,2389,107781.05,9928.75,2389,0,10.8555,2026-04-30,1,carried_forward,true
2026-05-01,USD,3820,179726.22,153585.95,3820,0,1.1702,2026-04-30,1,carried_forward,true
2026-05-02,CAD,977,46017.84,28772.03,977,0,1.5994,2026-04-30,2,carried_forward,true
2026-05-02,CHF,1377,63948.24,69584.61,1377,0,0.919,2026-04-30,2,carried_forward,true
2026-05-02,EUR,6774,304964.26,304964.26,6774,0,1.0,2026-05-02,0,base_currency,false
2026-05-02,GBP,1761,78438.15,90549.08,1761,0,0.86625,2026-04-30,2,carried_forward,true
2026-05-02,JPY,1047,48233.00,263.06,1047,0,183.21,2026-04-30,2,carried_forward,true
2026-05-02,MAD,1390,62810.87,,0,1390,,,,unavailable,false
2026-05-02,PLN,1039,47692.39,11194.02,1039,0,4.2605,2026-04-30,2,carried_forward,true
2026-05-02,SEK,1104,49173.63,4529.85,1104,0,10.8555,2026-04-30,2,carried_forward,true
2026-05-02,USD,1725,73453.90,62770.50,1725,0,1.1702,2026-04-30,2,carried_forward,true
2026-05-03,CAD,791,34242.71,21409.66,791,0,1.5994,2026-04-30,3,carried_forward,true
2026-05-03,CHF,1121,48307.79,52565.69,1121,0,0.919,2026-04-30,3,carried_forward,true
2026-05-03,EUR,5542,251629.87,251629.87,5542,0,1.0,2026-05-03,0,base_currency,false
2026-05-03,GBP,1358,61113.01,70549.11,1358,0,0.86625,2026-04-30,3,carried_forward,true
2026-05-03,JPY,821,36838.59,201.16,821,0,183.21,2026-04-30,3,carried_forward,true
2026-05-03,MAD,1125,53660.21,,0,1125,,,,unavailable,false
2026-05-03,PLN,795,33350.19,7827.72,795,0,4.2605,2026-04-30,3,carried_forward,true
2026-05-03,SEK,828,35881.78,3305.36,828,0,10.8555,2026-04-30,3,carried_forward,true
2026-05-03,USD,1290,62837.87,53698.27,1290,0,1.1702,2026-04-30,3,carried_forward,true
2026-05-04,CAD,2300,107006.39,67172.89,2300,0,1.593,2026-05-04,0,ok,false
2026-05-04,CHF,3049,136805.32,149138.90,3049,0,0.9173,2026-05-04,0,ok,false
2026-05-04,EUR,15398,709472.25,709472.25,15398,0,1.0,2026-05-04,0,base_currency,false
2026-05-04,GBP,3886,174945.97,202582.45,3886,0,0.86358,2026-05-04,0,ok,false
2026-05-04,JPY,2373,102581.46,558.18,2373,0,183.83,2026-05-04,0,ok,false
2026-05-04,MAD,3167,135965.30,,0,3167,,,,unavailable,false
2026-05-04,PLN,2272,107859.27,25336.80,2272,0,4.257,2026-05-04,0,ok,false
2026-05-04,SEK,2283,98580.75,9098.37,2283,0,10.835,2026-05-04,0,ok,false
2026-05-04,USD,3856,171041.00,146188.69,3856,0,1.17,2026-05-04,0,ok,false
2026-05-05,CAD,1848,84107.86,52864.90,1848,0,1.591,2026-05-05,0,ok,false
2026-05-05,CHF,2404,114027.66,124416.42,2404,0,0.9165,2026-05-05,0,ok,false
2026-05-05,EUR,12002,541919.32,541919.32,12002,0,1.0,2026-05-05,0,base_currency,false
2026-05-05,GBP,3039,132928.93,153954.22,3039,0,0.86343,2026-05-05,0,ok,false
2026-05-05,JPY,1838,86591.42,469.73,1838,0,184.42,2026-05-05,0,ok,false
2026-05-05,MAD,2427,107998.49,,0,2427,,,,unavailable,false
2026-05-05,PLN,1841,79149.32,18604.64,1841,0,4.2543,2026-05-05,0,ok,false
2026-05-05,SEK,1811,87282.26,8051.86,1811,0,10.84,2026-05-05,0,ok,false
2026-05-05,USD,3038,133780.48,114479.14,3038,0,1.1686,2026-05-05,0,ok,false
2026-05-06,CAD,1799,82945.68,51844.40,1799,0,1.5999,2026-05-06,0,ok,false
2026-05-06,CHF,2448,111736.57,121916.46,2448,0,0.9165,2026-05-06,0,ok,false
2026-05-06,EUR,12564,549873.84,549873.84,12564,0,1.0,2026-05-06,0,base_currency,false
2026-05-06,GBP,3217,140359.57,162509.71,3217,0,0.8637,2026-05-06,0,ok,false
2026-05-06,JPY,1919,88329.36,480.78,1919,0,183.74,2026-05-06,0,ok,false
2026-05-06,MAD,2558,120313.58,,0,2558,,,,unavailable,false
2026-05-06,PLN,1942,89889.89,21235.61,1942,0,4.233,2026-05-06,0,ok,false
2026-05-06,SEK,1861,86974.11,8028.16,1861,0,10.8335,2026-05-06,0,ok,false
2026-05-06,USD,3161,144498.68,122851.88,3161,0,1.1762,2026-05-06,0,ok,false
2026-05-07,CAD,2348,103231.32,64358.40,2348,0,1.604,2026-05-07,0,ok,false
2026-05-07,CHF,3087,132759.80,144981.83,3087,0,0.9157,2026-05-07,0,ok,false
2026-05-07,EUR,15649,718732.80,718732.80,15649,0,1.0,2026-05-07,0,base_currency,false
2026-05-07,GBP,3869,167084.58,193362.72,3869,0,0.8641,2026-05-07,0,ok,false
2026-05-07,JPY,2317,105108.55,570.82,2317,0,184.07,2026-05-07,0,ok,false
2026-05-07,MAD,3260,147084.34,,0,3260,,,,unavailable,false
2026-05-07,PLN,2403,105225.17,24893.55,2403,0,4.227,2026-05-07,0,ok,false
2026-05-07,SEK,2290,100322.97,9267.53,2290,0,10.825,2026-05-07,0,ok,false
2026-05-07,USD,3869,178013.68,151243.72,3869,0,1.177,2026-05-07,0,ok,false
2026-05-08,CAD,2362,112740.48,70186.60,2362,0,1.6063,2026-05-08,0,ok,false
2026-05-08,CHF,3144,148832.38,162551.73,3144,0,0.9156,2026-05-08,0,ok,false
2026-05-08,EUR,15486,688421.20,688421.20,15486,0,1.0,2026-05-08,0,base_currency,false
2026-05-08,GBP,3950,175498.48,203099.73,3950,0,0.8641,2026-05-08,0,ok,false
2026-05-08,JPY,2322,103811.29,563.03,2322,0,184.37,2026-05-08,0,ok,false
2026-05-08,MAD,3125,140256.12,,0,3125,,,,unavailable,false
2026-05-08,PLN,2352,109179.76,25799.63,2352,0,4.2318,2026-05-08,0,ok,false
2026-05-08,SEK,2406,103845.15,9578.05,2406,0,10.842,2026-05-08,0,ok,false
2026-05-08,USD,3912,172100.52,146331.18,3912,0,1.1761,2026-05-08,0,ok,false
2026-05-09,CAD,1064,45760.54,28488.23,1064,0,1.6063,2026-05-08,1,carried_forward,true
2026-05-09,CHF,1499,64029.96,69932.06,1499,0,0.9156,2026-05-08,1,carried_forward,true
2026-05-09,EUR,7627,339873.43,339873.43,7627,0,1.0,2026-05-09,0,base_currency,false
2026-05-09,GBP,1866,81868.16,94743.76,1866,0,0.8641,2026-05-08,1,carried_forward,true
2026-05-09,JPY,1139,50880.33,276.00,1139,0,184.37,2026-05-08,1,carried_forward,true
2026-05-09,MAD,1496,64200.24,,0,1496,,,,unavailable,false
2026-05-09,PLN,1142,51720.13,12221.69,1142,0,4.2318,2026-05-08,1,carried_forward,true
2026-05-09,SEK,1127,48904.36,4510.58,1127,0,10.842,2026-05-08,1,carried_forward,true
2026-05-09,USD,1855,83736.27,71198.37,1855,0,1.1761,2026-05-08,1,carried_forward,true
2026-05-10,CAD,969,42330.37,26352.66,969,0,1.6063,2026-05-08,2,carried_forward,true
2026-05-10,CHF,1237,54395.80,59409.92,1237,0,0.9156,2026-05-08,2,carried_forward,true
2026-05-10,EUR,6231,282448.80,282448.80,6231,0,1.0,2026-05-10,0,base_currency,false
2026-05-10,GBP,1552,67118.99,77675.05,1552,0,0.8641,2026-05-08,2,carried_forward,true
2026-05-10,JPY,948,42486.26,230.52,948,0,184.37,2026-05-08,2,carried_forward,true
2026-05-10,MAD,1206,56324.67,,0,1206,,,,unavailable,false
2026-05-10,PLN,966,45762.96,10814.11,966,0,4.2318,2026-05-08,2,carried_forward,true
2026-05-10,SEK,893,40829.89,3766.00,893,0,10.842,2026-05-08,2,carried_forward,true
2026-05-10,USD,1525,69181.13,58822.49,1525,0,1.1761,2026-05-08,2,carried_forward,true
2026-05-11,CAD,2349,101712.53,63257.67,2349,0,1.6079,2026-05-11,0,ok,false
2026-05-11,CHF,3122,148416.32,161973.67,3122,0,0.9163,2026-05-11,0,ok,false
2026-05-11,EUR,15695,710963.06,710963.06,15695,0,1.0,2026-05-11,0,base_currency,false
2026-05-11,GBP,3815,169445.81,195918.69,3815,0,0.86488,2026-05-11,0,ok,false
2026-05-11,JPY,2379,103286.89,558.74,2379,0,184.87,2026-05-11,0,ok,false
2026-05-11,MAD,3150,142289.81,,0,3150,,,,unavailable,false
2026-05-11,PLN,2345,111538.23,26307.52,2345,0,4.2398,2026-05-11,0,ok,false
2026-05-11,SEK,2430,109774.49,10092.84,2430,0,10.8765,2026-05-11,0,ok,false
2026-05-11,USD,3972,179848.41,152867.00,3972,0,1.1765,2026-05-11,0,ok,false
2026-05-12,CAD,2160,100386.12,62398.37,2160,0,1.6088,2026-05-12,0,ok,false
2026-05-12,CHF,2883,130488.86,142268.95,2883,0,0.9172,2026-05-12,0,ok,false
2026-05-12,EUR,14574,646337.60,646337.60,14574,0,1.0,2026-05-12,0,base_currency,false
2026-05-12,GBP,3679,164627.36,189656.06,3679,0,0.86803,2026-05-12,0,ok,false
2026-05-12,JPY,2095,91730.88,495.91,2095,0,184.98,2026-05-12,0,ok,false
2026-05-12,MAD,2969,138098.12,,0,2969,,,,unavailable,false
2026-05-12,PLN,2267,100199.31,23587.32,2267,0,4.248,2026-05-12,0,ok,false
2026-05-12,SEK,2207,95087.84,8728.95,2207,0,10.8935,2026-05-12,0,ok,false
2026-05-12,USD,3482,160260.02,136530.92,3482,0,1.1738,2026-05-12,0,ok,false
2026-05-13,CAD,2178,94916.51,59178.51,2178,0,1.6039,2026-05-13,0,ok,false
2026-05-13,CHF,2811,128407.38,140259.43,2811,0,0.9155,2026-05-13,0,ok,false
2026-05-13,EUR,14556,656820.48,656820.48,14556,0,1.0,2026-05-13,0,base_currency,false
2026-05-13,GBP,3711,164027.83,189161.50,3711,0,0.86713,2026-05-13,0,ok,false
2026-05-13,JPY,2208,101555.55,549.50,2208,0,184.83,2026-05-13,0,ok,false
2026-05-13,MAD,2863,125990.40,,0,2863,,,,unavailable,false
2026-05-13,PLN,2192,102284.32,24059.52,2192,0,4.2513,2026-05-13,0,ok,false
2026-05-13,SEK,2168,91347.68,8369.10,2168,0,10.915,2026-05-13,0,ok,false
2026-05-13,USD,3664,165760.27,141493.77,3664,0,1.1715,2026-05-13,0,ok,false
2026-05-14,CAD,1730,77858.66,48479.92,1730,0,1.606,2026-05-14,0,ok,false
2026-05-14,CHF,2388,105752.10,115575.99,2388,0,0.915,2026-05-14,0,ok,false
2026-05-14,EUR,12060,526882.32,526882.32,12060,0,1.0,2026-05-14,0,base_currency,false
2026-05-14,GBP,3091,137023.69,158193.25,3091,0,0.86618,2026-05-14,0,ok,false
2026-05-14,JPY,1813,80445.80,435.37,1813,0,184.83,2026-05-14,0,ok,false
2026-05-14,MAD,2495,113339.64,,0,2495,,,,unavailable,false
2026-05-14,PLN,1774,76893.72,18144.72,1774,0,4.2378,2026-05-14,0,ok,false
2026-05-14,SEK,1769,79337.95,7268.90,1769,0,10.9145,2026-05-14,0,ok,false
2026-05-14,USD,2998,134956.23,115327.45,2998,0,1.1702,2026-05-14,0,ok,false
2026-05-15,CAD,2035,91741.56,57356.15,2035,0,1.5995,2026-05-15,0,ok,false
2026-05-15,CHF,2707,120915.31,132234.65,2707,0,0.9144,2026-05-15,0,ok,false
2026-05-15,EUR,13463,618162.17,618162.17,13463,0,1.0,2026-05-15,0,base_currency,false
2026-05-15,GBP,3348,159479.10,183204.21,3348,0,0.8705,2026-05-15,0,ok,false
2026-05-15,JPY,1990,88419.20,479.59,1990,0,184.36,2026-05-15,0,ok,false
2026-05-15,MAD,2675,118993.66,,0,2675,,,,unavailable,false
2026-05-15,PLN,2064,95421.01,22470.67,2064,0,4.2465,2026-05-15,0,ok,false
2026-05-15,SEK,2092,91225.54,8306.92,2092,0,10.982,2026-05-15,0,ok,false
2026-05-15,USD,3389,150181.73,129155.32,3389,0,1.1628,2026-05-15,0,ok,false
2026-05-16,CAD,1014,44665.36,27924.67,1014,0,1.5995,2026-05-15,1,carried_forward,true
2026-05-16,CHF,1407,63259.89,69181.79,1407,0,0.9144,2026-05-15,1,carried_forward,true
2026-05-16,EUR,6741,303991.43,303991.43,6741,0,1.0,2026-05-16,0,base_currency,false
2026-05-16,GBP,1704,76352.66,87711.42,1704,0,0.8705,2026-05-15,1,carried_forward,true
2026-05-16,JPY,981,44449.08,241.28,981,0,184.36,2026-05-15,1,carried_forward,true
2026-05-16,MAD,1311,57194.82,,0,1311,,,,unavailable,false
2026-05-16,PLN,1000,42373.05,9978.42,1000,0,4.2465,2026-05-15,1,carried_forward,true
2026-05-16,SEK,971,47507.37,4326.06,971,0,10.982,2026-05-15,1,carried_forward,true
2026-05-16,USD,1639,75819.39,65204.37,1639,0,1.1628,2026-05-15,1,carried_forward,true
2026-05-17,CAD,848,40331.81,25215.21,848,0,1.5995,2026-05-15,2,carried_forward,true
2026-05-17,CHF,1209,52734.75,57671.37,1209,0,0.9144,2026-05-15,2,carried_forward,true
2026-05-17,EUR,5848,262794.93,262794.93,5848,0,1.0,2026-05-17,0,base_currency,false
2026-05-17,GBP,1480,64662.44,74281.79,1480,0,0.8705,2026-05-15,2,carried_forward,true
2026-05-17,JPY,927,40178.70,217.98,927,0,184.36,2026-05-15,2,carried_forward,true
2026-05-17,MAD,1235,56264.38,,0,1235,,,,unavailable,false
2026-05-17,PLN,852,39603.61,9326.27,852,0,4.2465,2026-05-15,2,carried_forward,true
2026-05-17,SEK,882,37850.73,3446.55,882,0,10.982,2026-05-15,2,carried_forward,true
2026-05-17,USD,1426,60650.10,52158.85,1426,0,1.1628,2026-05-15,2,carried_forward,true
2026-05-18,CAD,1803,86888.25,54284.72,1803,0,1.6006,2026-05-18,0,ok,false
2026-05-18,CHF,2467,109399.71,119640.88,2467,0,0.9144,2026-05-18,0,ok,false
2026-05-18,EUR,12684,564948.79,564948.79,12684,0,1.0,2026-05-18,0,base_currency,false
2026-05-18,GBP,3167,139475.36,160279.54,3167,0,0.8702,2026-05-18,0,ok,false
2026-05-18,JPY,1890,83462.83,451.19,1890,0,184.93,2026-05-18,0,ok,false
2026-05-18,MAD,2452,109985.41,,0,2452,,,,unavailable,false
2026-05-18,PLN,1825,82088.94,19340.78,1825,0,4.2443,2026-05-18,0,ok,false
2026-05-18,SEK,1887,86374.65,7890.46,1887,0,10.9465,2026-05-18,0,ok,false
2026-05-18,USD,3096,151777.18,130303.33,3096,0,1.1648,2026-05-18,0,ok,false
2026-05-19,CAD,2029,92463.83,57844.02,2029,0,1.5985,2026-05-19,0,ok,false
2026-05-19,CHF,2656,122151.97,133499.21,2656,0,0.915,2026-05-19,0,ok,false
2026-05-19,EUR,13204,601846.50,601846.50,13204,0,1.0,2026-05-19,0,base_currency,false
2026-05-19,GBP,3367,154375.20,178116.03,3367,0,0.86671,2026-05-19,0,ok,false
2026-05-19,JPY,1956,85112.99,460.19,1956,0,184.89,2026-05-19,0,ok,false
2026-05-19,MAD,2666,125407.05,,0,2666,,,,unavailable,false
2026-05-19,PLN,2054,89338.13,21052.80,2054,0,4.2435,2026-05-19,0,ok,false
2026-05-19,SEK,2087,90070.72,8256.72,2087,0,10.909,2026-05-19,0,ok,false
2026-05-19,USD,3336,149512.54,128668.10,3336,0,1.162,2026-05-19,0,ok,false
2026-05-20,CAD,1925,90338.93,56607.09,1925,0,1.5959,2026-05-20,0,ok,false
2026-05-20,CHF,2592,120508.73,131488.03,2592,0,0.9165,2026-05-20,0,ok,false
2026-05-20,EUR,13288,593895.87,593895.87,13288,0,1.0,2026-05-20,0,base_currency,false
2026-05-20,GBP,3384,149058.62,172212.73,3384,0,0.86555,2026-05-20,0,ok,false
2026-05-20,JPY,1987,91867.56,497.89,1987,0,184.48,2026-05-20,0,ok,false
2026-05-20,MAD,2606,115445.35,,0,2606,,,,unavailable,false
2026-05-20,PLN,1995,87842.02,20644.44,1995,0,4.255,2026-05-20,0,ok,false
2026-05-20,SEK,1927,87911.43,8081.93,1927,0,10.8775,2026-05-20,0,ok,false
2026-05-20,USD,3358,145221.16,125190.62,3358,0,1.16,2026-05-20,0,ok,false
2026-05-21,CAD,2320,105320.43,65940.71,2320,0,1.5972,2026-05-21,0,ok,false
2026-05-21,CHF,3113,135548.84,148221.69,3113,0,0.9145,2026-05-21,0,ok,false
2026-05-21,EUR,15389,678147.74,678147.74,15389,0,1.0,2026-05-21,0,base_currency,false
2026-05-21,GBP,3855,171679.35,198627.55,3855,0,0.86433,2026-05-21,0,ok,false
2026-05-21,JPY,2263,99267.34,537.78,2263,0,184.59,2026-05-21,0,ok,false
2026-05-21,MAD,3093,134898.45,,0,3093,,,,unavailable,false
2026-05-21,PLN,2343,105169.28,24755.26,2343,0,4.2483,2026-05-21,0,ok,false
2026-05-21,SEK,2244,101364.85,9332.34,2244,0,10.8615,2026-05-21,0,ok,false
2026-05-21,USD,3807,172632.44,148833.86,3807,0,1.1599,2026-05-21,0,ok,false
2026-05-22,CAD,2245,99108.20,61934.69,2245,0,1.6002,2026-05-22,0,ok,false
2026-05-22,CHF,2971,131807.04,144540.82,2971,0,0.9119,2026-05-22,0,ok,false
2026-05-22,EUR,14888,669654.71,669654.71,14888,0,1.0,2026-05-22,0,base_currency,false
2026-05-22,GBP,3603,164536.15,190395.85,3603,0,0.86418,2026-05-22,0,ok,false
2026-05-22,JPY,2154,93993.42,509.40,2154,0,184.53,2026-05-22,0,ok,false
2026-05-22,MAD,2972,130688.90,,0,2972,,,,unavailable,false
2026-05-22,PLN,2214,96790.78,22817.45,2214,0,4.242,2026-05-22,0,ok,false
2026-05-22,SEK,2284,104606.48,9623.82,2284,0,10.8695,2026-05-22,0,ok,false
2026-05-22,USD,3693,172478.47,148752.65,3693,0,1.1595,2026-05-22,0,ok,false
2026-05-23,CAD,1311,57884.23,36172.88,1311,0,1.6002,2026-05-22,1,carried_forward,true
2026-05-23,CHF,1753,83627.34,91706.54,1753,0,0.9119,2026-05-22,1,carried_forward,true
2026-05-23,EUR,8579,394565.98,394565.98,8579,0,1.0,2026-05-23,0,base_currency,false
2026-05-23,GBP,2146,93912.94,108672.69,2146,0,0.86418,2026-05-22,1,carried_forward,true
2026-05-23,JPY,1286,62717.58,339.68,1286,0,184.53,2026-05-22,1,carried_forward,true
2026-05-23,MAD,1672,75736.87,,0,1672,,,,unavailable,false
2026-05-23,PLN,1251,56760.31,13380.51,1251,0,4.242,2026-05-22,1,carried_forward,true
2026-05-23,SEK,1223,52151.60,4798.07,1223,0,10.8695,2026-05-22,1,carried_forward,true
2026-05-23,USD,2118,89031.33,76784.21,2118,0,1.1595,2026-05-22,1,carried_forward,true
2026-05-24,CAD,1020,44119.73,27571.37,1020,0,1.6002,2026-05-22,2,carried_forward,true
2026-05-24,CHF,1298,60604.53,66459.61,1298,0,0.9119,2026-05-22,2,carried_forward,true
2026-05-24,EUR,6365,290904.97,290904.97,6365,0,1.0,2026-05-24,0,base_currency,false
2026-05-24,GBP,1561,69489.65,80411.17,1561,0,0.86418,2026-05-22,2,carried_forward,true
2026-05-24,JPY,934,41334.92,223.94,934,0,184.53,2026-05-22,2,carried_forward,true
2026-05-24,MAD,1226,55436.45,,0,1226,,,,unavailable,false
2026-05-24,PLN,952,48514.72,11436.72,952,0,4.242,2026-05-22,2,carried_forward,true
2026-05-24,SEK,973,44210.20,4067.37,973,0,10.8695,2026-05-22,2,carried_forward,true
2026-05-24,USD,1574,73008.75,62965.71,1574,0,1.1595,2026-05-22,2,carried_forward,true
2026-05-25,CAD,2011,89406.48,55594.00,2011,0,1.6082,2026-05-25,0,ok,false
2026-05-25,CHF,2666,120775.68,132735.08,2666,0,0.9099,2026-05-25,0,ok,false
2026-05-25,EUR,13379,617094.85,617094.85,13379,0,1.0,2026-05-25,0,base_currency,false
2026-05-25,GBP,3382,145445.88,168623.03,3382,0,0.86255,2026-05-25,0,ok,false
2026-05-25,JPY,2119,92757.09,501.14,2119,0,185.04,2026-05-25,0,ok,false
2026-05-25,MAD,2805,124625.95,,0,2805,,,,unavailable,false
2026-05-25,PLN,2078,93593.96,22102.62,2078,0,4.2345,2026-05-25,0,ok,false
2026-05-25,SEK,2090,90051.67,8340.86,2090,0,10.7965,2026-05-25,0,ok,false
2026-05-25,USD,3316,147613.25,126782.63,3316,0,1.1643,2026-05-25,0,ok,false
2026-05-26,CAD,2110,92220.68,57390.38,2110,0,1.6069,2026-05-26,0,ok,false
2026-05-26,CHF,2842,129345.13,141577.31,2842,0,0.9136,2026-05-26,0,ok,false
2026-05-26,EUR,13900,614532.04,614532.04,13900,0,1.0,2026-05-26,0,base_currency,false
2026-05-26,GBP,3516,155214.05,179697.77,3516,0,0.86375,2026-05-26,0,ok,false
2026-05-26,JPY,2107,100020.24,539.86,2107,0,185.22,2026-05-26,0,ok,false
2026-05-26,MAD,2837,123885.67,,0,2837,,,,unavailable,false
2026-05-26,PLN,2081,94224.73,22267.46,2081,0,4.2315,2026-05-26,0,ok,false
2026-05-26,SEK,2128,96687.54,8932.09,2128,0,10.8245,2026-05-26,0,ok,false
2026-05-26,USD,3480,161944.53,139199.19,3480,0,1.1634,2026-05-26,0,ok,false
2026-05-27,CAD,1931,83722.92,52005.00,1931,0,1.6099,2026-05-27,0,ok,false
2026-05-27,CHF,2712,122291.85,133608.48,2712,0,0.9153,2026-05-27,0,ok,false
2026-05-27,EUR,13487,612753.48,612753.48,13487,0,1.0,2026-05-27,0,base_currency,false
2026-05-27,GBP,3365,151464.78,174865.23,3365,0,0.86618,2026-05-27,0,ok,false
2026-05-27,JPY,2098,90165.44,485.99,2098,0,185.52,2026-05-27,0,ok,false
2026-05-27,MAD,2785,123469.08,,0,2785,,,,unavailable,false
2026-05-27,PLN,2002,88981.38,21003.55,2002,0,4.2365,2026-05-27,0,ok,false
2026-05-27,SEK,2006,84112.50,7795.86,2006,0,10.7895,2026-05-27,0,ok,false
2026-05-27,USD,3436,154651.64,132896.56,3436,0,1.1637,2026-05-27,0,ok,false
2026-05-28,CAD,2086,93482.33,58085.17,2086,0,1.6094,2026-05-28,0,ok,false
2026-05-28,CHF,2866,124640.19,135966.30,2866,0,0.9167,2026-05-28,0,ok,false
2026-05-28,EUR,14432,648844.57,648844.57,14432,0,1.0,2026-05-28,0,base_currency,false
2026-05-28,GBP,3651,169922.59,196068.01,3651,0,0.86665,2026-05-28,0,ok,false
2026-05-28,JPY,2138,92160.14,497.32,2138,0,185.24,2026-05-28,0,ok,false
2026-05-28,MAD,2943,129918.92,,0,2943,,,,unavailable,false
2026-05-28,PLN,2183,94802.64,22393.60,2183,0,4.2335,2026-05-28,0,ok,false
2026-05-28,SEK,2190,98976.48,9146.32,2190,0,10.8215,2026-05-28,0,ok,false
2026-05-28,USD,3598,160466.60,138130.55,3598,0,1.1617,2026-05-28,0,ok,false
2026-05-29,CAD,1744,81217.66,50527.21,1744,0,1.6074,2026-05-29,0,ok,false
2026-05-29,CHF,2403,103529.62,113631.23,2403,0,0.9111,2026-05-29,0,ok,false
2026-05-29,EUR,11978,527965.03,527965.03,11978,0,1.0,2026-05-29,0,base_currency,false
2026-05-29,GBP,2987,133335.32,153748.35,2987,0,0.86723,2026-05-29,0,ok,false
2026-05-29,JPY,1764,79265.75,427.49,1764,0,185.45,2026-05-29,0,ok,false
2026-05-29,MAD,2474,110672.38,,0,2474,,,,unavailable,false
2026-05-29,PLN,1808,84225.18,19923.09,1808,0,4.2275,2026-05-29,0,ok,false
2026-05-29,SEK,1799,83730.65,7773.18,1799,0,10.772,2026-05-29,0,ok,false
2026-05-29,USD,3006,134254.47,115299.11,3006,0,1.1644,2026-05-29,0,ok,false
2026-05-30,CAD,1110,49220.30,30621.10,1110,0,1.6074,2026-05-29,1,carried_forward,true
2026-05-30,CHF,1456,67355.55,73927.81,1456,0,0.9111,2026-05-29,1,carried_forward,true
2026-05-30,EUR,7157,318462.83,318462.83,7157,0,1.0,2026-05-30,0,base_currency,false
2026-05-30,GBP,1854,88184.79,101685.61,1854,0,0.86723,2026-05-29,1,carried_forward,true
2026-05-30,JPY,1052,45807.47,246.96,1052,0,185.45,2026-05-29,1,carried_forward,true
2026-05-30,MAD,1427,65404.00,,0,1427,,,,unavailable,false
2026-05-30,PLN,1086,51417.76,12162.74,1086,0,4.2275,2026-05-29,1,carried_forward,true
2026-05-30,SEK,1153,50896.95,4724.86,1153,0,10.772,2026-05-29,1,carried_forward,true
2026-05-30,USD,1796,85563.19,73482.57,1796,0,1.1644,2026-05-29,1,carried_forward,true
2026-05-31,CAD,958,38513.16,23959.93,958,0,1.6074,2026-05-29,2,carried_forward,true
2026-05-31,CHF,1314,59592.47,65407.35,1314,0,0.9111,2026-05-29,2,carried_forward,true
2026-05-31,EUR,6323,298011.84,298011.84,6323,0,1.0,2026-05-31,0,base_currency,false
2026-05-31,GBP,1659,72955.81,84125.20,1659,0,0.86723,2026-05-29,2,carried_forward,true
2026-05-31,JPY,955,45766.26,246.70,955,0,185.45,2026-05-29,2,carried_forward,true
2026-05-31,MAD,1277,61646.18,,0,1277,,,,unavailable,false
2026-05-31,PLN,953,46107.53,10906.36,953,0,4.2275,2026-05-29,2,carried_forward,true
2026-05-31,SEK,1001,45041.11,4181.25,1001,0,10.772,2026-05-29,2,carried_forward,true
2026-05-31,USD,1623,73670.11,63268.77,1623,0,1.1644,2026-05-29,2,carried_forward,true
2026-06-01,CAD,2316,107878.39,66980.27,2316,0,1.6106,2026-06-01,0,ok,false
2026-06-01,CHF,3089,141355.02,154858.93,3089,0,0.9128,2026-06-01,0,ok,false
2026-06-01,EUR,15777,711170.76,711170.76,15777,0,1.0,2026-06-01,0,base_currency,false
2026-06-01,GBP,3920,180203.07,208344.17,3920,0,0.86493,2026-06-01,0,ok,false
2026-06-01,JPY,2343,106216.17,572.04,2343,0,185.74,2026-06-01,0,ok,false
2026-06-01,MAD,3052,138784.59,,0,3052,,,,unavailable,false
2026-06-01,PLN,2336,104869.77,24774.17,2336,0,4.233,2026-06-01,0,ok,false
2026-06-01,SEK,2280,105222.03,9752.90,2280,0,10.789,2026-06-01,0,ok,false
2026-06-01,USD,3917,176297.57,151380.47,3917,0,1.1646,2026-06-01,0,ok,false
2026-06-02,CAD,2123,97379.96,60413.05,2123,0,1.6119,2026-06-02,0,ok,false
2026-06-02,CHF,2842,124059.58,135599.15,2842,0,0.9149,2026-06-02,0,ok,false
2026-06-02,EUR,14098,628688.36,628688.36,14098,0,1.0,2026-06-02,0,base_currency,false
2026-06-02,GBP,3541,163055.12,188579.14,3541,0,0.86465,2026-06-02,0,ok,false
2026-06-02,JPY,2196,105372.54,566.09,2196,0,186.09,2026-06-02,0,ok,false
2026-06-02,MAD,2811,125553.00,,0,2811,,,,unavailable,false
2026-06-02,PLN,2149,95699.58,22600.08,2149,0,4.2345,2026-06-02,0,ok,false
2026-06-02,SEK,2158,88156.92,8143.84,2158,0,10.825,2026-06-02,0,ok,false
2026-06-02,USD,3547,156177.56,134069.79,3547,0,1.1649,2026-06-02,0,ok,false
2026-06-03,CAD,2018,87130.41,54138.30,2018,0,1.6094,2026-06-03,0,ok,false
2026-06-03,CHF,2674,118657.11,129439.23,2674,0,0.9167,2026-06-03,0,ok,false
2026-06-03,EUR,13150,594940.54,594940.54,13150,0,1.0,2026-06-03,0,base_currency,false
2026-06-03,GBP,3324,149283.61,172842.10,3324,0,0.8637,2026-06-03,0,ok,false
2026-06-03,JPY,1924,88442.04,476.14,1924,0,185.66,2026-06-03,0,ok,false
2026-06-03,MAD,2600,120058.46,,0,2600,,,,unavailable,false
2026-06-03,PLN,1876,84347.01,19901.20,1876,0,4.2383,2026-06-03,0,ok,false
2026-06-03,SEK,1996,90692.37,8332.38,1996,0,10.884,2026-06-03,0,ok,false
2026-06-03,USD,3272,141938.54,122213.23,3272,0,1.1614,2026-06-03,0,ok,false
2026-06-04,CAD,2242,99114.43,61272.53,2242,0,1.6176,2026-06-04,0,ok,false
2026-06-04,CHF,3014,134549.54,146759.97,3014,0,0.9168,2026-06-04,0,ok,false
2026-06-04,EUR,14606,663638.90,663638.90,14606,0,1.0,2026-06-04,0,base_currency,false
2026-06-04,GBP,3663,163331.14,188844.09,3663,0,0.8649,2026-06-04,0,ok,false
2026-06-04,JPY,2172,94531.62,507.95,2172,0,186.01,2026-06-04,0,ok,false
2026-06-04,MAD,2901,136268.28,,0,2901,,,,unavailable,false
2026-06-04,PLN,2193,99219.95,23418.60,2193,0,4.2368,2026-06-04,0,ok,false
2026-06-04,SEK,2256,105431.64,9689.78,2256,0,10.8803,2026-06-04,0,ok,false
2026-06-04,USD,3692,165064.80,141808.29,3692,0,1.164,2026-06-04,0,ok,false
2026-06-05,CAD,2185,103981.45,64348.79,2185,0,1.6159,2026-06-05,0,ok,false
2026-06-05,CHF,2890,127603.02,139076.80,2890,0,0.9175,2026-06-05,0,ok,false
2026-06-05,EUR,14360,647131.97,647131.97,14360,0,1.0,2026-06-05,0,base_currency,false
2026-06-05,GBP,3498,152708.82,176678.98,3498,0,0.86433,2026-06-05,0,ok,false
2026-06-05,JPY,2170,95162.17,511.36,2170,0,186.08,2026-06-05,0,ok,false
2026-06-05,MAD,2827,125654.49,,0,2827,,,,unavailable,false
2026-06-05,PLN,2143,96274.75,22739.48,2143,0,4.2338,2026-06-05,0,ok,false
2026-06-05,SEK,2303,105051.59,9666.42,2303,0,10.8675,2026-06-05,0,ok,false
2026-06-05,USD,3631,166687.21,143201.83,3631,0,1.164,2026-06-05,0,ok,false
2026-06-06,CAD,1138,49693.42,30752.92,1138,0,1.6159,2026-06-05,1,carried_forward,true
2026-06-06,CHF,1565,70497.06,76836.06,1565,0,0.9175,2026-06-05,1,carried_forward,true
2026-06-06,EUR,7880,355393.73,355393.73,7880,0,1.0,2026-06-06,0,base_currency,false
2026-06-06,GBP,1970,87031.04,100691.87,1970,0,0.86433,2026-06-05,1,carried_forward,true
2026-06-06,JPY,1151,49206.50,264.40,1151,0,186.08,2026-06-05,1,carried_forward,true
2026-06-06,MAD,1520,63793.47,,0,1520,,,,unavailable,false
2026-06-06,PLN,1163,55437.18,13093.92,1163,0,4.2338,2026-06-05,1,carried_forward,true
2026-06-06,SEK,1211,51458.27,4735.05,1211,0,10.8675,2026-06-05,1,carried_forward,true
2026-06-06,USD,1991,85839.65,73745.58,1991,0,1.164,2026-06-05,1,carried_forward,true
2026-06-07,CAD,889,39439.19,24407.05,889,0,1.6159,2026-06-05,2,carried_forward,true
2026-06-07,CHF,1063,45773.74,49889.90,1063,0,0.9175,2026-06-05,2,carried_forward,true
2026-06-07,EUR,5461,245528.52,245528.52,5461,0,1.0,2026-06-07,0,base_currency,false
2026-06-07,GBP,1422,64059.30,74114.46,1422,0,0.86433,2026-06-05,2,carried_forward,true
2026-06-07,JPY,828,37028.72,198.96,828,0,186.08,2026-06-05,2,carried_forward,true
2026-06-07,MAD,1152,53132.65,,0,1152,,,,unavailable,false
2026-06-07,PLN,817,39500.63,9329.81,817,0,4.2338,2026-06-05,2,carried_forward,true
2026-06-07,SEK,872,41779.22,3844.26,872,0,10.8675,2026-06-05,2,carried_forward,true
2026-06-07,USD,1373,62201.50,53437.68,1373,0,1.164,2026-06-05,2,carried_forward,true
2026-06-08,CAD,2104,91460.05,56867.64,2104,0,1.6083,2026-06-08,0,ok,false
2026-06-08,CHF,3002,137439.24,149601.77,3002,0,0.9187,2026-06-08,0,ok,false
2026-06-08,EUR,14682,648814.20,648814.20,14682,0,1.0,2026-06-08,0,base_currency,false
2026-06-08,GBP,3673,170678.31,197635.71,3673,0,0.8636,2026-06-08,0,ok,false
2026-06-08,JPY,2216,101447.51,549.51,2216,0,184.6,2026-06-08,0,ok,false
2026-06-08,MAD,2937,131546.13,,0,2937,,,,unavailable,false
2026-06-08,PLN,2218,94923.26,22375.48,2218,0,4.2423,2026-06-08,0,ok,false
2026-06-08,SEK,2158,99265.86,9127.23,2158,0,10.876,2026-06-08,0,ok,false
2026-06-08,USD,3685,161005.39,139519.22,3685,0,1.154,2026-06-08,0,ok,false
2026-06-09,CAD,1840,80281.96,49830.52,1840,0,1.6111,2026-06-09,0,ok,false
2026-06-09,CHF,2535,111762.99,121402.20,2535,0,0.9206,2026-06-09,0,ok,false
2026-06-09,EUR,12411,567726.40,567726.40,12411,0,1.0,2026-06-09,0,base_currency,false
2026-06-09,GBP,3176,141003.94,163312.57,3176,0,0.8634,2026-06-09,0,ok,false
2026-06-09,JPY,1910,89898.23,485.00,1910,0,185.35,2026-06-09,0,ok,false
2026-06-09,MAD,2430,109588.22,,0,2430,,,,unavailable,false
2026-06-09,PLN,1785,80400.68,18974.57,1785,0,4.2373,2026-06-09,0,ok,false
2026-06-09,SEK,1740,80154.49,7363.75,1740,0,10.885,2026-06-09,0,ok,false
2026-06-09,USD,2972,134815.08,116490.86,2972,0,1.1573,2026-06-09,0,ok,false
2026-06-10,CAD,1975,94766.73,58960.18,1975,0,1.6073,2026-06-10,0,ok,false
2026-06-10,CHF,2605,115987.90,125773.38,2605,0,0.9222,2026-06-10,0,ok,false
2026-06-10,EUR,12973,574156.72,574156.72,12973,0,1.0,2026-06-10,0,base_currency,false
2026-06-10,GBP,3255,144086.70,167099.47,3255,0,0.86228,2026-06-10,0,ok,false
2026-06-10,JPY,1917,83788.19,452.59,1917,0,185.19,2026-06-10,0,ok,false
2026-06-10,MAD,2550,113366.91,,0,2550,,,,unavailable,false
2026-06-10,PLN,1838,80965.83,19055.15,1838,0,4.249,2026-06-10,0,ok,false
2026-06-10,SEK,1992,84686.73,7722.95,1992,0,10.9655,2026-06-10,0,ok,false
2026-06-10,USD,3276,146999.42,127393.47,3276,0,1.1539,2026-06-10,0,ok,false
2026-06-11,CAD,2213,102273.80,63417.82,2213,0,1.6127,2026-06-11,0,ok,false
2026-06-11,CHF,2964,136318.39,147835.03,2964,0,0.9221,2026-06-11,0,ok,false
2026-06-11,EUR,14439,654910.14,654910.14,14439,0,1.0,2026-06-11,0,base_currency,false
2026-06-11,GBP,3642,164333.60,190355.24,3642,0,0.8633,2026-06-11,0,ok,false
2026-06-11,JPY,2167,96256.92,519.80,2167,0,185.21,2026-06-11,0,ok,false
2026-06-11,MAD,2808,129351.90,,0,2808,,,,unavailable,false
2026-06-11,PLN,2206,98923.48,23266.31,2206,0,4.2518,2026-06-11,0,ok,false
2026-06-11,SEK,2220,103425.59,9407.87,2220,0,10.9935,2026-06-11,0,ok,false
2026-06-11,USD,3604,165661.08,143591.17,3604,0,1.1537,2026-06-11,0,ok,false
2026-06-12,CAD,2355,108209.01,66878.51,2355,0,1.618,2026-06-12,0,ok,false
2026-06-12,CHF,3140,139424.41,151268.92,3140,0,0.9217,2026-06-12,0,ok,false
2026-06-12,EUR,14950,675625.18,675625.18,14950,0,1.0,2026-06-12,0,base_currency,false
2026-06-12,GBP,3659,164177.47,190229.22,3659,0,0.86305,2026-06-12,0,ok,false
2026-06-12,JPY,2279,103898.63,560.82,2279,0,185.3,2026-06-12,0,ok,false
2026-06-12,MAD,3076,140138.23,,0,3076,,,,unavailable,false
2026-06-12,PLN,2311,102404.70,24106.54,2311,0,4.248,2026-06-12,0,ok,false
2026-06-12,SEK,2255,104587.43,9570.42,2255,0,10.928,2026-06-12,0,ok,false
2026-06-12,USD,3688,176803.33,152851.30,3688,0,1.1567,2026-06-12,0,ok,false
2026-06-13,CAD,1161,49430.04,30550.18,1161,0,1.618,2026-06-12,1,carried_forward,true
2026-06-13,CHF,1481,66370.27,72008.54,1481,0,0.9217,2026-06-12,1,carried_forward,true
2026-06-13,EUR,7657,346310.48,346310.48,7657,0,1.0,2026-06-13,0,base_currency,false
2026-06-13,GBP,1865,86958.97,100757.54,1865,0,0.86305,2026-06-12,1,carried_forward,true
2026-06-13,JPY,1140,53343.43,287.91,1140,0,185.3,2026-06-12,1,carried_forward,true
2026-06-13,MAD,1481,61575.89,,0,1481,,,,unavailable,false
2026-06-13,PLN,1162,52269.39,12304.56,1162,0,4.248,2026-06-12,1,carried_forward,true
2026-06-13,SEK,1125,49757.89,4553.09,1125,0,10.928,2026-06-12,1,carried_forward,true
2026-06-13,USD,1931,91656.71,79239.68,1931,0,1.1567,2026-06-12,1,carried_forward,true
2026-06-14,CAD,816,36984.45,22858.19,816,0,1.618,2026-06-12,2,carried_forward,true
2026-06-14,CHF,1097,44793.93,48599.19,1097,0,0.9217,2026-06-12,2,carried_forward,true
2026-06-14,EUR,5411,244089.85,244089.85,5411,0,1.0,2026-06-14,0,base_currency,false
2026-06-14,GBP,1369,58072.40,67287.43,1369,0,0.86305,2026-06-12,2,carried_forward,true
2026-06-14,JPY,825,35936.41,194.11,825,0,185.3,2026-06-12,2,carried_forward,true
2026-06-14,MAD,1097,49562.19,,0,1097,,,,unavailable,false
2026-06-14,PLN,866,39420.20,9279.73,866,0,4.248,2026-06-12,2,carried_forward,true
2026-06-14,SEK,807,35433.63,3242.47,807,0,10.928,2026-06-12,2,carried_forward,true
2026-06-14,USD,1367,59747.53,51653.49,1367,0,1.1567,2026-06-12,2,carried_forward,true
2026-06-15,CAD,2302,103436.43,63739.72,2302,0,1.6228,2026-06-15,0,ok,false
2026-06-15,CHF,3121,147163.35,159751.94,3121,0,0.9212,2026-06-15,0,ok,false
2026-06-15,EUR,15635,695152.17,695152.17,15635,0,1.0,2026-06-15,0,base_currency,false
2026-06-15,GBP,3897,175945.44,203444.96,3897,0,0.86483,2026-06-15,0,ok,false
2026-06-15,JPY,2329,107181.81,576.42,2329,0,185.93,2026-06-15,0,ok,false
2026-06-15,MAD,3116,131918.39,,0,3116,,,,unavailable,false
2026-06-15,PLN,2311,99119.44,23344.07,2311,0,4.246,2026-06-15,0,ok,false
2026-06-15,SEK,2368,102322.50,9389.60,2368,0,10.8975,2026-06-15,0,ok,false
2026-06-15,USD,3949,179760.96,154872.84,3949,0,1.1607,2026-06-15,0,ok,false
2026-06-16,CAD,2236,94043.11,57879.88,2236,0,1.6248,2026-06-16,0,ok,false
2026-06-16,CHF,3063,137245.22,148791.83,3063,0,0.9224,2026-06-16,0,ok,false
2026-06-16,EUR,14869,671910.62,671910.62,14869,0,1.0,2026-06-16,0,base_currency,false
2026-06-16,GBP,3698,160775.10,185929.46,3698,0,0.86471,2026-06-16,0,ok,false
2026-06-16,JPY,2332,104448.36,561.76,2332,0,185.94,2026-06-16,0,ok,false
2026-06-16,MAD,2983,133292.96,,0,2983,,,,unavailable,false
2026-06-16,PLN,2242,99100.05,23356.66,2242,0,4.2429,2026-06-16,0,ok,false
2026-06-16,SEK,2218,99538.02,9134.57,2218,0,10.897,2026-06-16,0,ok,false
2026-06-16,USD,3791,170336.52,146917.47,3791,0,1.1594,2026-06-16,0,ok,false
2026-06-17,CAD,1926,84609.71,52096.16,1926,0,1.6241,2026-06-17,0,ok,false
2026-06-17,CHF,2582,118169.66,128542.87,2582,0,0.9193,2026-06-17,0,ok,false
2026-06-17,EUR,12830,575240.67,575240.67,12830,0,1.0,2026-06-17,0,base_currency,false
2026-06-17,GBP,3293,150292.88,173823.42,3293,0,0.86463,2026-06-17,0,ok,false
2026-06-17,JPY,1903,85303.89,458.94,1903,0,185.82,2026-06-17,0,ok,false
2026-06-17,MAD,2539,119678.09,,0,2539,,,,unavailable,false
2026-06-17,PLN,1934,87439.61,20617.80,1934,0,4.241,2026-06-17,0,ok,false
2026-06-17,SEK,2000,88812.53,8154.51,2000,0,10.891,2026-06-17,0,ok,false
2026-06-17,USD,3209,140884.35,121546.20,3209,0,1.1591,2026-06-17,0,ok,false
2026-06-18,CAD,2200,99738.69,61609.05,2200,0,1.6189,2026-06-18,0,ok,false
2026-06-18,CHF,2918,128599.36,139509.10,2918,0,0.9218,2026-06-18,0,ok,false
2026-06-18,EUR,14612,649457.33,649457.33,14612,0,1.0,2026-06-18,0,base_currency,false
2026-06-18,GBP,3707,172462.57,199061.41,3707,0,0.86638,2026-06-18,0,ok,false
2026-06-18,JPY,2164,92146.17,499.64,2164,0,184.44,2026-06-18,0,ok,false
2026-06-18,MAD,3017,135744.17,,0,3017,,,,unavailable,false
2026-06-18,PLN,2214,102807.54,24144.52,2214,0,4.258,2026-06-18,0,ok,false
2026-06-18,SEK,2122,95159.96,8662.95,2122,0,10.9845,2026-06-18,0,ok,false
2026-06-18,USD,3644,163070.30,142282.62,3644,0,1.1461,2026-06-18,0,ok,false
2026-06-19,CAD,1999,92602.14,57063.00,1999,0,1.6228,2026-06-19,0,ok,false
2026-06-19,CHF,2547,118010.59,127606.53,2547,0,0.9248,2026-06-19,0,ok,false
2026-06-19,EUR,13127,601370.95,601370.95,13127,0,1.0,2026-06-19,0,base_currency,false
2026-06-19,GBP,3234,145337.65,167723.86,3234,0,0.86653,2026-06-19,0,ok,false
2026-06-19,JPY,1968,85618.07,462.99,1968,0,184.88,2026-06-19,0,ok,false
2026-06-19,MAD,2617,112148.64,,0,2617,,,,unavailable,false
2026-06-19,PLN,1967,89730.79,21056.08,1967,0,4.2615,2026-06-19,0,ok,false
2026-06-19,SEK,1954,87352.27,7960.07,1954,0,10.974,2026-06-19,0,ok,false
2026-06-19,USD,3298,147714.71,128817.20,3298,0,1.1467,2026-06-19,0,ok,false
2026-06-20,CAD,1003,45373.16,27959.86,1003,0,1.6228,2026-06-19,1,carried_forward,true
2026-06-20,CHF,1351,59622.77,64470.93,1351,0,0.9248,2026-06-19,1,carried_forward,true
2026-06-20,EUR,6929,317299.61,317299.61,6929,0,1.0,2026-06-20,0,base_currency,false
2026-06-20,GBP,1720,80066.33,92398.64,1720,0,0.86653,2026-06-19,1,carried_forward,true
2026-06-20,JPY,1026,46400.82,250.93,1026,0,184.88,2026-06-19,1,carried_forward,true
2026-06-20,MAD,1310,60237.65,,0,1310,,,,unavailable,false
2026-06-20,PLN,1010,46678.52,10953.63,1010,0,4.2615,2026-06-19,1,carried_forward,true
2026-06-20,SEK,1023,46796.08,4264.09,1023,0,10.974,2026-06-19,1,carried_forward,true
2026-06-20,USD,1709,72315.11,63063.66,1709,0,1.1467,2026-06-19,1,carried_forward,true
2026-06-21,CAD,876,42355.76,26100.28,876,0,1.6228,2026-06-19,2,carried_forward,true
2026-06-21,CHF,1212,53593.76,57951.85,1212,0,0.9248,2026-06-19,2,carried_forward,true
2026-06-21,EUR,6242,280902.51,280902.51,6242,0,1.0,2026-06-21,0,base_currency,false
2026-06-21,GBP,1552,69123.17,79770.17,1552,0,0.86653,2026-06-19,2,carried_forward,true
2026-06-21,JPY,932,42520.32,230.18,932,0,184.88,2026-06-19,2,carried_forward,true
2026-06-21,MAD,1190,56516.42,,0,1190,,,,unavailable,false
2026-06-21,PLN,949,42339.45,9935.49,949,0,4.2615,2026-06-19,2,carried_forward,true
2026-06-21,SEK,848,38875.40,3542.54,848,0,10.974,2026-06-19,2,carried_forward,true
2026-06-21,USD,1472,66018.81,57572.89,1472,0,1.1467,2026-06-19,2,carried_forward,true
2026-06-22,CAD,2025,89945.05,55442.92,2025,0,1.6223,2026-06-22,0,ok,false
2026-06-22,CHF,2615,118031.10,127504.66,2615,0,0.9257,2026-06-22,0,ok,false
2026-06-22,EUR,13388,608678.74,608678.74,13388,0,1.0,2026-06-22,0,base_currency,false
2026-06-22,GBP,3326,148383.38,171604.97,3326,0,0.86468,2026-06-22,0,ok,false
2026-06-22,JPY,1990,87382.76,471.47,1990,0,185.33,2026-06-22,0,ok,false
2026-06-22,MAD,2629,123929.04,,0,2629,,,,unavailable,false
2026-06-22,PLN,1957,88660.45,20773.17,1957,0,4.268,2026-06-22,0,ok,false
2026-06-22,SEK,1981,89481.86,8135.96,1981,0,10.998,2026-06-22,0,ok,false
2026-06-22,USD,3419,154690.52,135030.34,3419,0,1.1456,2026-06-22,0,ok,false
2026-06-23,CAD,2158,98543.49,60972.22,2158,0,1.6162,2026-06-23,0,ok,false
2026-06-23,CHF,2839,128110.98,138873.40,2839,0,0.9225,2026-06-23,0,ok,false
2026-06-23,EUR,14126,628304.46,628304.46,14126,0,1.0,2026-06-23,0,base_currency,false
2026-06-23,GBP,3595,160397.58,186076.07,3595,0,0.862,2026-06-23,0,ok,false
2026-06-23,JPY,2099,96924.05,526.84,2099,0,184.02,2026-06-23,0,ok,false
2026-06-23,MAD,2740,124582.37,,0,2740,,,,unavailable,false
2026-06-23,PLN,2095,97980.42,22879.40,2095,0,4.2825,2026-06-23,0,ok,false
2026-06-23,SEK,2108,98596.16,8916.03,2108,0,11.0585,2026-06-23,0,ok,false
2026-06-23,USD,3569,158159.78,138833.99,3569,0,1.1392,2026-06-23,0,ok,false
2026-06-24,CAD,2144,99175.00,61446.90,2144,0,1.614,2026-06-24,0,ok,false
2026-06-24,CHF,2737,123298.62,133787.38,2737,0,0.9216,2026-06-24,0,ok,false
2026-06-24,EUR,13711,628096.33,628096.33,13711,0,1.0,2026-06-24,0,base_currency,false
2026-06-24,GBP,3439,156745.48,181913.42,3439,0,0.86165,2026-06-24,0,ok,false
2026-06-24,JPY,2106,95884.98,523.13,2106,0,183.35,2026-06-24,0,ok,false
2026-06-24,MAD,2787,123683.37,,0,2787,,,,unavailable,false
2026-06-24,PLN,2092,96171.46,22429.15,2092,0,4.2878,2026-06-24,0,ok,false
2026-06-24,SEK,2012,87921.21,7931.46,2012,0,11.085,2026-06-24,0,ok,false
2026-06-24,USD,3570,157714.43,139078.03,3570,0,1.134,2026-06-24,0,ok,false
2026-06-25,CAD,2184,101961.19,63130.02,2184,0,1.6151,2026-06-25,0,ok,false
2026-06-25,CHF,2881,138043.21,149672.81,2881,0,0.9223,2026-06-25,0,ok,false
2026-06-25,EUR,14069,627391.37,627391.37,14069,0,1.0,2026-06-25,0,base_currency,false
2026-06-25,GBP,3484,159221.98,184748.64,3484,0,0.86183,2026-06-25,0,ok,false
2026-06-25,JPY,2190,96043.77,523.24,2190,0,183.57,2026-06-25,0,ok,false
2026-06-25,MAD,2836,137242.00,,0,2836,,,,unavailable,false
2026-06-25,PLN,2171,94195.38,21969.92,2171,0,4.2875,2026-06-25,0,ok,false
2026-06-25,SEK,2102,92823.43,8385.94,2102,0,11.069,2026-06-25,0,ok,false
2026-06-25,USD,3548,165714.79,146107.13,3548,0,1.1342,2026-06-25,0,ok,false
2026-06-26,CAD,1955,88334.65,54632.19,1955,0,1.6169,2026-06-26,0,ok,false
2026-06-26,CHF,2516,121570.59,131883.93,2516,0,0.9218,2026-06-26,0,ok,false
2026-06-26,EUR,13108,589858.39,589858.39,13108,0,1.0,2026-06-26,0,base_currency,false
2026-06-26,GBP,3204,139872.60,162165.24,3204,0,0.86253,2026-06-26,0,ok,false
2026-06-26,JPY,1948,86029.30,466.82,1948,0,184.3,2026-06-26,0,ok,false
2026-06-26,MAD,2571,112565.46,,0,2571,,,,unavailable,false
2026-06-26,PLN,1847,79075.84,18446.32,1847,0,4.2868,2026-06-26,0,ok,false
2026-06-26,SEK,1915,83780.38,7563.12,1915,0,11.0775,2026-06-26,0,ok,false
2026-06-26,USD,3402,156564.71,137325.63,3402,0,1.1401,2026-06-26,0,ok,false
2026-06-27,CAD,1098,48540.41,30020.59,1098,0,1.6169,2026-06-26,1,carried_forward,true
2026-06-27,CHF,1486,64532.67,70007.20,1486,0,0.9218,2026-06-26,1,carried_forward,true
2026-06-27,EUR,7226,329796.95,329796.95,7226,0,1.0,2026-06-27,0,base_currency,false
2026-06-27,GBP,1794,83468.23,96771.47,1794,0,0.86253,2026-06-26,1,carried_forward,true
2026-06-27,JPY,1070,47339.69,256.88,1070,0,184.3,2026-06-26,1,carried_forward,true
2026-06-27,MAD,1386,62365.36,,0,1386,,,,unavailable,false
2026-06-27,PLN,1097,48564.01,11328.67,1097,0,4.2868,2026-06-26,1,carried_forward,true
2026-06-27,SEK,1053,51321.73,4632.93,1053,0,11.0775,2026-06-26,1,carried_forward,true
2026-06-27,USD,1835,84615.16,74217.38,1835,0,1.1401,2026-06-26,1,carried_forward,true
2026-06-28,CAD,992,48084.50,29738.64,992,0,1.6169,2026-06-26,2,carried_forward,true
2026-06-28,CHF,1253,53660.58,58213.05,1253,0,0.9218,2026-06-26,2,carried_forward,true
2026-06-28,EUR,6457,294338.84,294338.84,6457,0,1.0,2026-06-28,0,base_currency,false
2026-06-28,GBP,1653,72487.60,84040.60,1653,0,0.86253,2026-06-26,2,carried_forward,true
2026-06-28,JPY,915,41008.65,222.63,915,0,184.3,2026-06-26,2,carried_forward,true
2026-06-28,MAD,1276,60161.96,,0,1276,,,,unavailable,false
2026-06-28,PLN,931,42307.76,9869.52,931,0,4.2868,2026-06-26,2,carried_forward,true
2026-06-28,SEK,918,40806.45,3683.67,918,0,11.0775,2026-06-26,2,carried_forward,true
2026-06-28,USD,1550,73755.80,64692.29,1550,0,1.1401,2026-06-26,2,carried_forward,true
2026-06-29,CAD,2173,96649.54,59656.34,2173,0,1.6201,2026-06-29,0,ok,false
2026-06-29,CHF,2847,129967.76,140932.46,2847,0,0.9222,2026-06-29,0,ok,false
2026-06-29,EUR,14866,665426.99,665426.99,14866,0,1.0,2026-06-29,0,base_currency,false
2026-06-29,GBP,3554,163313.03,189425.34,3554,0,0.86215,2026-06-29,0,ok,false
2026-06-29,JPY,2166,97212.31,526.36,2166,0,184.62,2026-06-29,0,ok,false
2026-06-29,MAD,3002,135023.52,,0,3002,,,,unavailable,false
2026-06-29,PLN,2276,104219.61,24308.75,2276,0,4.2873,2026-06-29,0,ok,false
2026-06-29,SEK,2343,105917.02,9553.67,2343,0,11.0865,2026-06-29,0,ok,false
2026-06-29,USD,3785,174595.22,153072.90,3785,0,1.1406,2026-06-29,0,ok,false
2026-06-30,CAD,2339,106340.38,65561.34,2339,0,1.622,2026-06-30,0,ok,false
2026-06-30,CHF,3077,136630.36,148125.07,3077,0,0.9224,2026-06-30,0,ok,false
2026-06-30,EUR,15496,683865.57,683865.57,15496,0,1.0,2026-06-30,0,base_currency,false
2026-06-30,GBP,3775,175378.07,203506.82,3775,0,0.86178,2026-06-30,0,ok,false
2026-06-30,JPY,2179,98375.49,531.46,2179,0,185.08,2026-06-30,0,ok,false
2026-06-30,MAD,3034,132339.15,,0,3034,,,,unavailable,false
2026-06-30,PLN,2372,111215.75,25891.28,2372,0,4.2955,2026-06-30,0,ok,false
2026-06-30,SEK,2320,110464.29,9957.78,2320,0,11.0935,2026-06-30,0,ok,false
2026-06-30,USD,3846,177792.94,156040.85,3846,0,1.1394,2026-06-30,0,ok,false
2026-07-01,CAD,1938,84836.71,52397.45,1938,0,1.6191,2026-07-01,0,ok,false
2026-07-01,CHF,2649,122495.55,132657.23,2649,0,0.9234,2026-07-01,0,ok,false
2026-07-01,EUR,13181,593974.76,593974.76,13181,0,1.0,2026-07-01,0,base_currency,false
2026-07-01,GBP,3306,146527.60,170434.42,3306,0,0.85973,2026-07-01,0,ok,false
2026-07-01,JPY,1995,88876.74,479.82,1995,0,185.21,2026-07-01,0,ok,false
2026-07-01,MAD,2619,116077.65,,0,2619,,,,unavailable,false
2026-07-01,PLN,1976,89065.01,20733.03,1976,0,4.2958,2026-07-01,0,ok,false
2026-07-01,SEK,1849,82222.07,7410.61,1849,0,11.0955,2026-07-01,0,ok,false
2026-07-01,USD,3308,150375.36,132105.18,3308,0,1.1383,2026-07-01,0,ok,false
2026-07-02,CAD,2082,99676.82,61517.52,2082,0,1.6203,2026-07-02,0,ok,false
2026-07-02,CHF,2828,127467.95,138552.12,2828,0,0.92,2026-07-02,0,ok,false
2026-07-02,EUR,14293,644897.84,644897.84,14293,0,1.0,2026-07-02,0,base_currency,false
2026-07-02,GBP,3577,153863.81,179610.92,3577,0,0.85665,2026-07-02,0,ok,false
2026-07-02,JPY,2107,91761.83,498.27,2107,0,184.19,2026-07-02,0,ok,false
2026-07-02,MAD,2812,125787.23,,0,2812,,,,unavailable,false
2026-07-02,PLN,2078,94775.49,22092.19,2078,0,4.29,2026-07-02,0,ok,false
2026-07-02,SEK,2165,95634.24,8633.31,2165,0,11.0775,2026-07-02,0,ok,false
2026-07-02,USD,3586,160042.06,140400.15,3586,0,1.1399,2026-07-02,0,ok,false
2026-07-03,CAD,2322,100670.20,61920.33,2322,0,1.6258,2026-07-03,0,ok,false
2026-07-03,CHF,2985,133369.91,145125.01,2985,0,0.919,2026-07-03,0,ok,false
2026-07-03,EUR,14818,657057.66,657057.66,14818,0,1.0,2026-07-03,0,base_currency,false
2026-07-03,GBP,3700,165823.13,193447.37,3700,0,0.8572,2026-07-03,0,ok,false
2026-07-03,JPY,2276,102417.92,555.30,2276,0,184.48,2026-07-03,0,ok,false
2026-07-03,MAD,3008,136970.91,,0,3008,,,,unavailable,false
2026-07-03,PLN,2214,95985.94,22401.56,2214,0,4.2848,2026-07-03,0,ok,false
2026-07-03,SEK,2310,103363.74,9370.09,2310,0,11.0315,2026-07-03,0,ok,false
2026-07-03,USD,3727,170059.45,148549.48,3727,0,1.1448,2026-07-03,0,ok,false
2026-07-04,CAD,1229,56900.17,34998.33,1229,0,1.6258,2026-07-03,1,carried_forward,true
2026-07-04,CHF,1622,72428.63,78812.48,1622,0,0.919,2026-07-03,1,carried_forward,true
2026-07-04,EUR,8397,375458.09,375458.09,8397,0,1.0,2026-07-04,0,base_currency,false
2026-07-04,GBP,2051,94130.79,109811.77,2051,0,0.8572,2026-07-03,1,carried_forward,true
2026-07-04,JPY,1237,55364.87,300.11,1237,0,184.48,2026-07-03,1,carried_forward,true
2026-07-04,MAD,1665,75080.97,,0,1665,,,,unavailable,false
2026-07-04,PLN,1193,50624.36,11814.72,1193,0,4.2848,2026-07-03,1,carried_forward,true
2026-07-04,SEK,1279,58024.81,5259.87,1279,0,11.0315,2026-07-03,1,carried_forward,true
2026-07-04,USD,2068,93482.30,81658.28,2068,0,1.1448,2026-07-03,1,carried_forward,true
2026-07-05,CAD,818,37856.98,23285.20,818,0,1.6258,2026-07-03,2,carried_forward,true
2026-07-05,CHF,1074,43631.63,47477.48,1074,0,0.919,2026-07-03,2,carried_forward,true
2026-07-05,EUR,5458,247664.25,247664.25,5458,0,1.0,2026-07-05,0,base_currency,false
2026-07-05,GBP,1392,58877.37,68685.79,1392,0,0.8572,2026-07-03,2,carried_forward,true
2026-07-05,JPY,752,32255.25,174.76,752,0,184.48,2026-07-03,2,carried_forward,true
2026-07-05,MAD,1027,44154.38,,0,1027,,,,unavailable,false
2026-07-05,PLN,777,38568.32,9001.22,777,0,4.2848,2026-07-03,2,carried_forward,true
2026-07-05,SEK,801,37303.44,3381.49,801,0,11.0315,2026-07-03,2,carried_forward,true
2026-07-05,USD,1327,59610.44,52070.84,1327,0,1.1448,2026-07-03,2,carried_forward,true
2026-07-06,CAD,2170,98695.31,60787.95,2170,0,1.6236,2026-07-06,0,ok,false
2026-07-06,CHF,3054,139084.68,151162.68,3054,0,0.9201,2026-07-06,0,ok,false
2026-07-06,EUR,15526,710335.80,710335.80,15526,0,1.0,2026-07-06,0,base_currency,false
2026-07-06,GBP,3791,171946.53,201017.51,3791,0,0.85538,2026-07-06,0,ok,false
2026-07-06,JPY,2261,105543.56,569.62,2261,0,185.31,2026-07-06,0,ok,false
2026-07-06,MAD,3025,130085.12,,0,3025,,,,unavailable,false
2026-07-06,PLN,2339,102314.24,23858.71,2339,0,4.2883,2026-07-06,0,ok,false
2026-07-06,SEK,2321,104068.30,9448.01,2321,0,11.015,2026-07-06,0,ok,false
2026-07-06,USD,3818,172132.69,150795.21,3818,0,1.1415,2026-07-06,0,ok,false
2026-07-07,CAD,2099,100470.09,61808.74,2099,0,1.6255,2026-07-07,0,ok,false
2026-07-07,CHF,2859,127556.60,138377.74,2859,0,0.9218,2026-07-07,0,ok,false
2026-07-07,EUR,13935,616118.42,616118.42,13935,0,1.0,2026-07-07,0,base_currency,false
2026-07-07,GBP,3555,151255.54,177091.39,3555,0,0.85411,2026-07-07,0,ok,false
2026-07-07,JPY,2084,94885.65,512.84,2084,0,185.09,2026-07-07,0,ok,false
2026-07-07,MAD,2713,120647.45,,0,2713,,,,unavailable,false
2026-07-07,PLN,2120,96370.79,22449.48,2120,0,4.2928,2026-07-07,0,ok,false
2026-07-07,SEK,2111,98477.67,8916.60,2111,0,11.0443,2026-07-07,0,ok,false
2026-07-07,USD,3485,152130.81,133062.83,3485,0,1.1433,2026-07-07,0,ok,false
2026-07-08,CAD,2201,94160.47,58209.80,2201,0,1.6176,2026-07-08,0,ok,false
2026-07-08,CHF,2863,131779.74,142897.17,2863,0,0.9222,2026-07-08,0,ok,false
2026-07-08,EUR,14430,624401.26,624401.26,14430,0,1.0,2026-07-08,0,base_currency,false
2026-07-08,GBP,3453,155357.81,181843.27,3453,0,0.85435,2026-07-08,0,ok,false
2026-07-08,JPY,2122,93767.51,505.99,2122,0,185.3,2026-07-08,0,ok,false
2026-07-08,MAD,2811,118523.68,,0,2811,,,,unavailable,false
2026-07-08,PLN,2159,95116.98,22071.48,2159,0,4.3095,2026-07-08,0,ok,false
2026-07-08,SEK,2175,94088.33,8509.82,2175,0,11.0565,2026-07-08,0,ok,false
2026-07-08,USD,3597,163930.72,143748.42,3597,0,1.1404,2026-07-08,0,ok,false
2026-07-09,CAD,1920,81256.76,50152.38,1920,0,1.6202,2026-07-09,0,ok,false
2026-07-09,CHF,2552,108613.75,117712.89,2552,0,0.9227,2026-07-09,0,ok,false
2026-07-09,EUR,12644,575002.87,575002.87,12644,0,1.0,2026-07-09,0,base_currency,false
2026-07-09,GBP,3193,143422.94,168015.28,3193,0,0.85363,2026-07-09,0,ok,false
2026-07-09,JPY,1945,88643.20,477.26,1945,0,185.72,2026-07-09,0,ok,false
2026-07-09,MAD,2510,114363.12,,0,2510,,,,unavailable,false
2026-07-09,PLN,1900,84280.79,19561.38,1900,0,4.3085,2026-07-09,0,ok,false
2026-07-09,SEK,1930,84874.63,7672.44,1930,0,11.062,2026-07-09,0,ok,false
2026-07-09,USD,3155,146407.89,128034.93,3155,0,1.1435,2026-07-09,0,ok,false
2026-07-10,CAD,2029,90848.45,56159.26,2029,0,1.6177,2026-07-10,0,ok,false
2026-07-10,CHF,2700,118648.66,128644.22,2700,0,0.9223,2026-07-10,0,ok,false
2026-07-10,EUR,13778,621871.09,621871.09,13778,0,1.0,2026-07-10,0,base_currency,false
2026-07-10,GBP,3444,153887.07,180713.76,3444,0,0.85155,2026-07-10,0,ok,false
2026-07-10,JPY,2159,97517.28,527.06,2159,0,185.02,2026-07-10,0,ok,false
2026-07-10,MAD,2795,123988.15,,0,2795,,,,unavailable,false
2026-07-10,PLN,2122,106415.35,24477.48,2122,0,4.3475,2026-07-10,0,ok,false
2026-07-10,SEK,2088,97906.90,8888.85,2088,0,11.0145,2026-07-10,0,ok,false
2026-07-10,USD,3446,152850.44,133727.39,3446,0,1.143,2026-07-10,0,ok,false
2026-07-11,CAD,1115,46881.05,28980.04,1115,0,1.6177,2026-07-10,1,carried_forward,true
2026-07-11,CHF,1573,70398.01,76329.02,1573,0,0.9223,2026-07-10,1,carried_forward,true
2026-07-11,EUR,7733,351132.92,351132.92,7733,0,1.0,2026-07-11,0,base_currency,false
2026-07-11,GBP,1930,89158.80,104701.80,1930,0,0.85155,2026-07-10,1,carried_forward,true
2026-07-11,JPY,1111,48566.66,262.54,1111,0,185.02,2026-07-10,1,carried_forward,true
2026-07-11,MAD,1577,66949.49,,0,1577,,,,unavailable,false
2026-07-11,PLN,1190,53115.97,12217.67,1190,0,4.3475,2026-07-10,1,carried_forward,true
2026-07-11,SEK,1101,47893.35,4348.38,1101,0,11.0145,2026-07-10,1,carried_forward,true
2026-07-11,USD,1828,86569.53,75738.96,1828,0,1.143,2026-07-10,1,carried_forward,true
2026-07-12,CAD,856,41472.55,25636.71,856,0,1.6177,2026-07-10,2,carried_forward,true
2026-07-12,CHF,1049,47459.95,51458.38,1049,0,0.9223,2026-07-10,2,carried_forward,true
2026-07-12,EUR,5354,233443.25,233443.25,5354,0,1.0,2026-07-12,0,base_currency,false
2026-07-12,GBP,1335,55603.79,65297.20,1335,0,0.85155,2026-07-10,2,carried_forward,true
2026-07-12,JPY,787,35506.16,191.97,787,0,185.02,2026-07-10,2,carried_forward,true
2026-07-12,MAD,1137,48962.32,,0,1137,,,,unavailable,false
2026-07-12,PLN,779,35467.50,8158.06,779,0,4.3475,2026-07-10,2,carried_forward,true
2026-07-12,SEK,820,36217.25,3288.27,820,0,11.0145,2026-07-10,2,carried_forward,true
2026-07-12,USD,1335,57511.99,50316.43,1335,0,1.143,2026-07-10,2,carried_forward,true
2026-07-13,CAD,1881,86051.71,53289.27,1881,0,1.6148,2026-07-13,0,ok,false
2026-07-13,CHF,2589,114904.13,124180.47,2589,0,0.9253,2026-07-13,0,ok,false
2026-07-13,EUR,12775,583371.68,583371.68,12775,0,1.0,2026-07-13,0,base_currency,false
2026-07-13,GBP,3193,144724.68,169605.75,3193,0,0.8533,2026-07-13,0,ok,false
2026-07-13,JPY,1889,82067.98,443.06,1889,0,185.23,2026-07-13,0,ok,false
2026-07-13,MAD,2536,113318.44,,0,2536,,,,unavailable,false
2026-07-13,PLN,1879,81134.42,18764.60,1879,0,4.3238,2026-07-13,0,ok,false
2026-07-13,SEK,1869,80987.79,7344.55,1869,0,11.027,2026-07-13,0,ok,false
2026-07-13,USD,3274,141879.09,124193.86,3274,0,1.1424,2026-07-13,0,ok,false
2026-07-14,CAD,2226,99489.99,61814.20,2226,0,1.6095,2026-07-14,0,ok,false
2026-07-14,CHF,3041,136588.20,147551.25,3041,0,0.9257,2026-07-14,0,ok,false
2026-07-14,EUR,15128,677621.27,677621.27,15128,0,1.0,2026-07-14,0,base_currency,false
2026-07-14,GBP,3757,169135.06,198480.50,3757,0,0.85215,2026-07-14,0,ok,false
2026-07-14,JPY,2248,97422.15,526.74,2248,0,185.01,2026-07-14,0,ok,false
2026-07-14,MAD,3070,138379.21,,0,3070,,,,unavailable,false
2026-07-14,PLN,2221,101297.70,23349.69,2221,0,4.3383,2026-07-14,0,ok,false
2026-07-14,SEK,2258,103072.79,9339.85,2258,0,11.036,2026-07-14,0,ok,false
2026-07-14,USD,3816,171746.72,150588.88,3816,0,1.1405,2026-07-14,0,ok,false
2026-07-15,CAD,2136,91544.64,57026.32,2136,0,1.6053,2026-07-15,0,ok,false
2026-07-15,CHF,2801,131769.04,142360.72,2801,0,0.9256,2026-07-15,0,ok,false
2026-07-15,EUR,13811,632888.76,632888.76,13811,0,1.0,2026-07-15,0,base_currency,false
2026-07-15,GBP,3395,152395.74,179093.27,3395,0,0.85093,2026-07-15,0,ok,false
2026-07-15,JPY,2066,91429.75,493.80,2066,0,185.22,2026-07-15,0,ok,false
2026-07-15,MAD,2803,129296.95,,0,2803,,,,unavailable,false
2026-07-15,PLN,2031,85950.11,19869.23,2031,0,4.3258,2026-07-15,0,ok,false
2026-07-15,SEK,2151,97135.93,8792.89,2151,0,11.0473,2026-07-15,0,ok,false
2026-07-15,USD,3516,156141.40,136893.91,3516,0,1.1406,2026-07-15,0,ok,false
2026-07-16,CAD,1862,81466.25,50656.87,1862,0,1.6082,2026-07-16,0,ok,false
2026-07-16,CHF,2418,105583.72,114144.62,2418,0,0.925,2026-07-16,0,ok,false
2026-07-16,EUR,12200,537462.38,537462.38,12200,0,1.0,2026-07-16,0,base_currency,false
2026-07-16,GBP,2983,125763.47,148178.62,2983,0,0.84873,2026-07-16,0,ok,false
2026-07-16,JPY,1782,81451.45,438.08,1782,0,185.99,2026-07-16,0,ok,false
2026-07-16,MAD,2431,111706.63,,0,2431,,,,unavailable,false
2026-07-16,PLN,1804,82511.76,19062.45,1804,0,4.3285,2026-07-16,0,ok,false
2026-07-16,SEK,1832,83428.31,7564.74,1832,0,11.0285,2026-07-16,0,ok,false
2026-07-16,USD,3028,139149.74,121347.99,3028,0,1.1467,2026-07-16,0,ok,false
2026-07-17,CAD,2025,91782.19,57238.57,2025,0,1.6035,2026-07-17,0,ok,false
2026-07-17,CHF,2648,118874.82,128819.72,2648,0,0.9228,2026-07-17,0,ok,false
2026-07-17,EUR,13815,622025.38,622025.38,13815,0,1.0,2026-07-17,0,base_currency,false
2026-07-17,GBP,3365,150486.88,176839.45,3365,0,0.85098,2026-07-17,0,ok,false
2026-07-17,JPY,2066,92899.83,500.23,2066,0,185.65,2026-07-17,0,ok,false
2026-07-17,MAD,2803,127132.28,,0,2803,,,,unavailable,false
2026-07-17,PLN,2095,93134.72,21423.55,2095,0,4.3473,2026-07-17,0,ok,false
2026-07-17,SEK,2010,92464.44,8375.26,2010,0,11.0405,2026-07-17,0,ok,false
2026-07-17,USD,3390,156033.76,136452.88,3390,0,1.1435,2026-07-17,0,ok,false
2026-07-18,CAD,1000,45085.79,28117.28,1000,0,1.6035,2026-07-17,1,carried_forward,true
2026-07-18,CHF,1381,59039.51,63978.59,1381,0,0.9228,2026-07-17,1,carried_forward,true
2026-07-18,EUR,6691,300512.63,300512.63,6691,0,1.0,2026-07-18,0,base_currency,false
2026-07-18,GBP,1606,67180.21,78944.42,1606,0,0.85098,2026-07-17,1,carried_forward,true
2026-07-18,JPY,1010,42719.34,230.08,1010,0,185.65,2026-07-17,1,carried_forward,true
2026-07-18,MAD,1298,58996.30,,0,1298,,,,unavailable,false
2026-07-18,PLN,1016,44768.62,10298.25,1016,0,4.3473,2026-07-17,1,carried_forward,true
2026-07-18,SEK,1001,44870.00,4064.15,1001,0,11.0405,2026-07-17,1,carried_forward,true
2026-07-18,USD,1693,78627.66,68760.65,1693,0,1.1435,2026-07-17,1,carried_forward,true
2026-07-19,CAD,971,45411.63,28320.41,971,0,1.6035,2026-07-17,2,carried_forward,true
2026-07-19,CHF,1267,55971.93,60654.40,1267,0,0.9228,2026-07-17,2,carried_forward,true
2026-07-19,EUR,6340,287762.08,287762.08,6340,0,1.0,2026-07-19,0,base_currency,false
2026-07-19,GBP,1597,71798.52,84371.44,1597,0,0.85098,2026-07-17,2,carried_forward,true
2026-07-19,JPY,948,42146.39,226.79,948,0,185.65,2026-07-17,2,carried_forward,true
2026-07-19,MAD,1285,57701.38,,0,1285,,,,unavailable,false
2026-07-19,PLN,920,41912.60,9640.97,920,0,4.3473,2026-07-17,2,carried_forward,true
2026-07-19,SEK,965,43166.79,3910.04,965,0,11.0405,2026-07-17,2,carried_forward,true
2026-07-19,USD,1596,74651.09,65282.89,1596,0,1.1435,2026-07-17,2,carried_forward,true
2026-07-20,CAD,1956,84652.43,52801.99,1956,0,1.6032,2026-07-20,0,ok,false
2026-07-20,CHF,2611,118414.11,128209.12,2611,0,0.9236,2026-07-20,0,ok,false
2026-07-20,EUR,13222,600962.78,600962.78,13222,0,1.0,2026-07-20,0,base_currency,false
2026-07-20,GBP,3278,144810.02,170589.51,3278,0,0.84888,2026-07-20,0,ok,false
2026-07-20,JPY,1891,87618.09,472.21,1891,0,185.54,2026-07-20,0,ok,false
2026-07-20,MAD,2576,116407.92,,0,2576,,,,unavailable,false
2026-07-20,PLN,1981,89164.42,20582.62,1981,0,4.332,2026-07-20,0,ok,false
2026-07-20,SEK,1897,91628.61,8295.93,1897,0,11.045,2026-07-20,0,ok,false
2026-07-20,USD,3235,151280.55,132400.39,3235,0,1.1426,2026-07-20,0,ok,false
2026-07-21,CAD,2004,89372.93,55618.44,2004,0,1.6069,2026-07-21,0,ok,false
2026-07-21,CHF,2767,126473.13,136594.84,2767,0,0.9259,2026-07-21,0,ok,false
2026-07-21,EUR,13383,600529.28,600529.28,13383,0,1.0,2026-07-21,0,base_currency,false
2026-07-21,GBP,3348,155536.60,182544.10,3348,0,0.85205,2026-07-21,0,ok,false
2026-07-21,JPY,2007,95209.89,512.37,2007,0,185.82,2026-07-21,0,ok,false
2026-07-21,MAD,2735,120413.34,,0,2735,,,,unavailable,false
2026-07-21,PLN,2026,93085.42,21495.53,2026,0,4.3305,2026-07-21,0,ok,false
2026-07-21,SEK,2052,89944.06,8140.53,2052,0,11.0485,2026-07-21,0,ok,false
2026-07-21,USD,3418,149480.95,130917.13,3418,0,1.1418,2026-07-21,0,ok,false
2026-07-22,CAD,2084,90206.44,56130.15,2084,0,1.6071,2026-07-22,0,ok,false
2026-07-22,CHF,2843,133712.07,144272.91,2843,0,0.9268,2026-07-22,0,ok,false
2026-07-22,EUR,13789,621143.31,621143.31,13789,0,1.0,2026-07-22,0,base_currency,false
2026-07-22,GBP,3466,158643.79,185896.20,3466,0,0.8534,2026-07-22,0,ok,false
2026-07-22,JPY,2107,95874.62,515.30,2107,0,186.03,2026-07-22,0,ok,false
2026-07-22,MAD,2755,125996.71,,0,2755,,,,unavailable,false
2026-07-22,PLN,2140,102903.48,23765.22,2140,0,4.33,2026-07-22,0,ok,false
2026-07-22,SEK,2097,95058.78,8581.20,2097,0,11.0775,2026-07-22,0,ok,false
2026-07-22,USD,3504,152402.99,133593.14,3504,0,1.1408,2026-07-22,0,ok,false
2026-07-23,CAD,2081,95660.94,59661.37,2081,0,1.6034,2026-07-23,0,ok,false
2026-07-23,CHF,2835,131395.84,141361.83,2835,0,0.9295,2026-07-23,0,ok,false
2026-07-23,EUR,14047,635366.96,635366.96,14047,0,1.0,2026-07-23,0,base_currency,false
2026-07-23,GBP,3529,154926.38,181586.92,3529,0,0.85318,2026-07-23,0,ok,false
2026-07-23,JPY,2216,98556.77,529.23,2216,0,186.23,2026-07-23,0,ok,false
2026-07-23,MAD,2871,131732.40,,0,2871,,,,unavailable,false
2026-07-23,PLN,2138,99387.92,22969.42,2138,0,4.327,2026-07-23,0,ok,false
2026-07-23,SEK,2156,99776.60,8992.74,2156,0,11.0955,2026-07-23,0,ok,false
2026-07-23,USD,3571,163317.39,143361.56,3571,0,1.1392,2026-07-23,0,ok,false
2026-07-24,CAD,2082,87688.34,54716.28,2082,0,1.6026,2026-07-24,0,ok,false
2026-07-24,CHF,2898,128696.38,138353.39,2898,0,0.9302,2026-07-24,0,ok,false
2026-07-24,EUR,14707,679199.40,679199.40,14707,0,1.0,2026-07-24,0,base_currency,false
2026-07-24,GBP,3608,156553.98,183343.87,3608,0,0.85388,2026-07-24,0,ok,false
2026-07-24,JPY,2128,98727.09,529.78,2128,0,186.38,2026-07-24,0,ok,false
2026-07-24,MAD,2956,131002.14,,0,2956,,,,unavailable,false
2026-07-24,PLN,2177,96554.26,22373.69,2177,0,4.3155,2026-07-24,0,ok,false
2026-07-24,SEK,2205,96478.73,8727.33,2205,0,11.055,2026-07-24,0,ok,false
2026-07-24,USD,3625,157618.21,138540.88,3625,0,1.1377,2026-07-24,0,ok,false
2026-07-25,CAD,1011,45752.88,28549.05,1011,0,1.6026,2026-07-24,1,carried_forward,true
2026-07-25,CHF,1353,58897.20,63316.69,1353,0,0.9302,2026-07-24,1,carried_forward,true
2026-07-25,EUR,6627,294413.39,294413.39,6627,0,1.0,2026-07-25,0,base_currency,false
2026-07-25,GBP,1672,74812.75,87615.08,1672,0,0.85388,2026-07-24,1,carried_forward,true
2026-07-25,JPY,986,40853.34,219.27,986,0,186.38,2026-07-24,1,carried_forward,true
2026-07-25,MAD,1294,56187.04,,0,1294,,,,unavailable,false
2026-07-25,PLN,953,43888.09,10170.04,953,0,4.3155,2026-07-24,1,carried_forward,true
2026-07-25,SEK,994,46559.81,4211.69,994,0,11.055,2026-07-24,1,carried_forward,true
2026-07-25,USD,1640,70574.90,62032.90,1640,0,1.1377,2026-07-24,1,carried_forward,true
2026-07-26,CAD,744,34592.42,21585.40,744,0,1.6026,2026-07-24,2,carried_forward,true
2026-07-26,CHF,994,46827.44,50341.16,994,0,0.9302,2026-07-24,2,carried_forward,true
2026-07-26,EUR,5062,224122.04,224122.04,5062,0,1.0,2026-07-26,0,base_currency,false
2026-07-26,GBP,1307,61387.44,71892.45,1307,0,0.85388,2026-07-24,2,carried_forward,true
2026-07-26,JPY,750,34749.37,186.39,750,0,186.38,2026-07-24,2,carried_forward,true
2026-07-26,MAD,1065,51513.30,,0,1065,,,,unavailable,false
2026-07-26,PLN,793,37060.85,8587.90,793,0,4.3155,2026-07-24,2,carried_forward,true
2026-07-26,SEK,789,36143.53,3269.35,789,0,11.055,2026-07-24,2,carried_forward,true
2026-07-26,USD,1235,55720.10,48976.07,1235,0,1.1377,2026-07-24,2,carried_forward,true
2026-07-27,CAD,2077,91554.53,56993.63,2077,0,1.6064,2026-07-27,0,ok,false
2026-07-27,CHF,2789,126638.52,136405.14,2789,0,0.9284,2026-07-27,0,ok,false
2026-07-27,EUR,13771,607034.45,607034.45,13771,0,1.0,2026-07-27,0,base_currency,false
2026-07-27,GBP,3417,146214.36,170962.92,3417,0,0.85524,2026-07-27,0,ok,false
2026-07-27,JPY,2082,91116.13,489.00,2082,0,186.37,2026-07-27,0,ok,false
2026-07-27,MAD,2785,127339.50,,0,2785,,,,unavailable,false
2026-07-27,PLN,2027,95668.07,22135.17,2027,0,4.322,2026-07-27,0,ok,false
2026-07-27,SEK,2037,90947.17,8234.58,2037,0,11.0445,2026-07-27,0,ok,false
2026-07-27,USD,3441,159201.31,139785.25,3441,0,1.1389,2026-07-27,0,ok,false
